,Admin1,Admin2,Admin3,Pop_HNO _2017,IDPs_estimates_for_the_HNO_2017,CCCM_PiN_2017,Education_PiN_2017,Health_PiN_2017,Nutrition_PiN_2017,Protection_PiN_2017,NFI_PiN_2017,Shelter_PiN_2017,WASH_PiN_2017,FS_PiN_2017,ERL_PiN_2017,Intersector_PiN
0,Damascus,Damascus,Damascus,1759800.0,651000.0,651000.0,577153.0,1218837.0,441709.8,1218837.0,703920.0,351960.0,818800.0,746155.0,1073285.0,1218837.0
1,Aleppo,Jebel Saman,Jebel Saman,1333135.0,410900.0,410900.0,442007.0,923329.0,310620.46,923329.0,533254.0,266627.0,685900.0,722665.0,752114.0,923329.0
2,Homs,Homs,Homs,721669.0,314358.0,314358.0,234670.0,499828.0,187633.94,499828.0,433001.0,288668.0,386782.0,307912.0,380910.0,499828.0
3,Hama,As-Salamiyeh,Oqeirbat,20750.0,1260.0,1260.0,6705.0,14371.0,5395.0,14371.0,4150.0,2075.0,3810.0,13851.0,10869.0,14371.0
4,Hama,Hama,Hama,647940.0,130515.0,130515.0,213147.0,448763.0,168464.4,448763.0,129588.0,64794.0,137115.0,362672.0,356942.0,448763.0
5,Dar'a,Izra',Tassil,28500.0,7200.0,7200.0,9361.0,19739.0,5871.0,19739.0,5700.0,5700.0,7200.0,8208.0,13613.0,19739.0
6,Lattakia,Lattakia,Lattakia,659070.0,350480.0,350480.0,215423.0,456472.0,171358.2,456472.0,395442.0,131814.0,350480.0,287882.0,376611.0,456472.0
7,Rural Damascus,Rural Damascus,Jaramana,600000.0,300000.0,300000.0,204514.0,415560.0,134400.0,415560.0,60000.0,240000.0,300000.0,312000.0,358730.0,415560.0
8,Idleb,Harim,Dana,342380.0,299710.0,299710.0,112524.0,237132.0,71155.15,299710.0,136952.0,68476.0,299710.0,98605.0,192953.0,299710.0
9,Ar-Raqqa,Ar-Raqqa,Ar-Raqqa,334490.0,156219.0,156219.0,118602.0,231668.0,78791.06,231668.0,66898.0,133796.0,176939.0,229365.0,113266.0,231668.0
10,Rural Damascus,Rural Damascus,Qudsiya,338600.0,125940.0,125940.0,109712.0,234514.0,75846.4,234514.0,67720.0,33860.0,165270.0,180106.0,174612.0,234514.0
11,Lattakia,Al-Qardaha,Al-Qardaha,37310.0,2780.0,2780.0,12154.0,25841.0,9700.6,25841.0,3731.0,7462.0,2780.0,20521.0,19381.0,25841.0
12,Rural Damascus,At Tall,At Tall,238650.0,196260.0,196260.0,73004.0,165289.0,53457.6,218713.0,95460.0,143190.0,218713.0,121977.0,105424.0,218713.0
13,Deir-ez-Zor,Deir-ez-Zor,Deir-ez-Zor,142680.0,54320.0,54320.0,46983.0,98820.0,29426.66,142680.0,28536.0,28536.0,99616.0,142680.0,89698.0,142680.0
14,Rural Damascus,Qatana,Qatana,314740.0,175780.0,175780.0,103972.0,217989.0,70501.76,217989.0,188844.0,125896.0,184900.0,167654.0,154896.0,217989.0
15,Tartous,Sheikh Badr,Baramanet Elmashayekh,14380.0,3070.0,3070.0,4742.0,9960.0,3609.38,9960.0,1438.0,2876.0,3070.0,2472.0,5935.0,9960.0
16,Rural Damascus,Al Qutayfah,Raheiba,35000.0,6872.0,6872.0,11420.0,24241.0,7840.0,35000.0,7000.0,7000.0,35000.0,21875.0,18181.0,35000.0
17,Idleb,Idleb,Idleb,120520.0,49850.0,49850.0,40239.0,83472.0,25783.48,83472.0,24104.0,12052.0,49850.0,62823.0,73722.0,83472.0
18,As-Sweida,Shahba,Ariqa,10530.0,2030.0,2030.0,3456.0,7293.0,2263.95,7293.0,2106.0,2106.0,2030.0,3922.0,4179.0,7293.0
19,Al-Hasakeh,Al-Hasakeh,Al-Hasakeh,214010.0,112265.0,112265.0,71787.0,148223.0,44086.06,162650.0,128406.0,42802.0,123675.0,162650.0,112507.0,162650.0
20,Aleppo,A'zaz,A'zaz,212975.0,166563.0,166563.0,72582.0,147506.0,49623.18,167580.0,127785.0,85190.0,167580.0,87432.0,133878.0,167580.0
21,Rural Damascus,Rural Damascus,Babella,175800.0,27820.0,27820.0,60515.0,121759.0,39379.2,121759.0,35160.0,35160.0,70580.0,79753.0,81435.0,121759.0
22,Tartous,Tartous,Tartous,251930.0,90170.0,90170.0,81745.0,174487.0,63234.43,174487.0,50386.0,100772.0,90170.0,104771.0,163954.0,174487.0
23,Aleppo,Menbij,Menbij,204048.0,54729.0,54729.0,67340.0,141324.0,47543.18,155465.0,40810.0,20405.0,73454.0,155465.0,105997.0,155465.0
24,Dar'a,Dar'a,Dar'a,174400.0,58650.0,58650.0,57853.0,120789.0,35926.4,120789.0,104640.0,69760.0,58650.0,77060.0,95176.0,120789.0
25,Rural Damascus,Duma,Duma,195900.0,40720.0,32720.0,65064.0,134295.0,43881.6,177225.0,78360.0,39180.0,177225.0,134037.0,109560.0,177225.0
26,Rural Damascus,Rural Damascus,Kisweh,204241.0,73135.0,73135.0,66735.0,138687.0,45749.98,138687.0,40848.0,122545.0,107011.0,97846.0,102076.0,138687.0
27,Aleppo,Jebel Saman,Atareb,145350.0,61175.0,61175.0,47417.0,100669.0,33866.55,100669.0,58140.0,29070.0,61175.0,61774.0,84797.0,100669.0
28,Rural Damascus,Rural Damascus,Kafr Batna,132040.0,52890.0,52890.0,42884.0,91451.0,29576.96,132040.0,52816.0,26408.0,132040.0,72622.0,77750.0,132040.0
29,Al-Hasakeh,Quamishli,Quamishli,251490.0,61826.0,61826.0,82460.0,174182.0,51806.94,174182.0,100596.0,50298.0,85749.0,120549.0,151692.0,174182.0
30,Rural Damascus,Duma,Harasta,207000.0,80570.0,80570.0,68641.0,143368.0,46368.0,143368.0,124200.0,41400.0,113700.0,101618.0,111368.0,143368.0
31,Idleb,Al Ma'ra,Ma'arrat An Nu'man,148230.0,37450.0,37450.0,48601.0,102664.0,30803.78,102664.0,29646.0,14823.0,37450.0,42690.0,88003.0,102664.0
32,Aleppo,Al Bab,Al Bab,60583.0,11139.0,11139.0,19989.0,41960.0,14115.84,41960.0,12117.0,6058.0,17465.0,26657.0,33978.0,41960.0
33,Aleppo,Afrin,Afrin,143915.0,55575.0,55575.0,46084.0,99676.0,33532.2,99676.0,57566.0,28783.0,66236.0,83608.0,63993.0,99676.0
34,Aleppo,A'zaz,Suran,19765.0,4640.0,4640.0,6422.0,13689.0,4605.25,13689.0,3953.0,1977.0,6517.0,9487.0,10267.0,13689.0
35,Hama,As-Salamiyeh,As-Salamiyeh,136670.0,53430.0,53430.0,44429.0,94658.0,35534.2,94658.0,27334.0,27334.0,54550.0,65417.0,73925.0,94658.0
36,Deir-ez-Zor,Abu Kamal,Hajin,81000.0,1600.0,1600.0,26444.0,56101.0,17597.25,56101.0,16200.0,8100.0,12052.0,48276.0,42077.0,56101.0
37,Dar'a,Izra',Izra',56370.0,23493.0,23493.0,18289.0,39042.0,11612.22,39042.0,22548.0,11274.0,23493.0,34395.0,28014.0,39042.0
38,As-Sweida,As-Sweida,As-Sweida,155120.0,26750.0,26750.0,50881.0,107436.0,33350.8,107436.0,15512.0,15512.0,26750.0,55843.0,96572.0,107436.0
39,Deir-ez-Zor,Al Mayadin,Al Mayadin,132400.0,47200.0,47200.0,43666.0,91700.0,27646.55,91700.0,26480.0,26480.0,57597.0,87384.0,52540.0,91700.0
40,Quneitra,Quneitra,Quneitra,11840.0,10200.0,10200.0,3959.0,8200.0,2758.72,11144.0,2368.0,2368.0,10334.0,11144.0,5833.0,11144.0
41,Dar'a,As-Sanamayn,As-Sanamayn,114542.0,34205.0,34205.0,37396.0,79332.0,23595.65,79332.0,45817.0,22908.0,35831.0,59118.0,58615.0,79332.0
42,Deir-ez-Zor,Abu Kamal,Abu Kamal,114350.0,17040.0,17040.0,36203.0,79199.0,24216.14,102915.0,22870.0,11435.0,29578.0,102915.0,59401.0,102915.0
43,Dar'a,Dar'a,Mzeireb,109600.0,38735.0,38735.0,36012.0,75909.0,22577.6,75909.0,21920.0,21920.0,38735.0,31565.0,58411.0,75909.0
44,Tartous,Tartous,Arwad,4400.0,60.0,60.0,1425.0,3047.0,1104.4,3047.0,440.0,880.0,60.0,1735.0,2514.0,3047.0
45,Idleb,Al Ma'ra,Kafr Nobol,89000.0,37980.0,37980.0,29196.0,61641.0,18121.43,61641.0,35600.0,8900.0,37980.0,25632.0,51171.0,61641.0
46,Deir-ez-Zor,Al Mayadin,Ashara,113400.0,8440.0,8440.0,37482.0,78541.0,23615.55,78541.0,11340.0,11340.0,22143.0,47174.0,58908.0,78541.0
47,Idleb,Harim,Salqin,101989.0,63799.0,63799.0,33766.0,70638.0,21797.4,70638.0,20398.0,20398.0,63799.0,41433.0,50088.0,70638.0
48,Idleb,Ariha,Ariha,90240.0,20540.0,20540.0,29842.0,62500.0,19076.25,63168.0,18048.0,9024.0,20540.0,63168.0,53246.0,63168.0
49,Rural Damascus,Duma,Ghizlaniyyeh,92500.0,50040.0,50040.0,31998.0,64066.0,20720.0,64066.0,37000.0,18500.0,50040.0,30833.0,44838.0,64066.0
50,Idleb,Idleb,Maaret Tamsrin,100006.0,49325.0,49325.0,32830.0,64277.0,20473.82,64277.0,20001.0,10001.0,56525.0,28802.0,55270.0,64277.0
51,Idleb,Idleb,Saraqab,83400.0,35590.0,35590.0,26816.0,57763.0,17340.04,57763.0,33360.0,8340.0,35590.0,23670.0,46282.0,57763.0
52,Homs,Ar-Rastan,Talbiseh,112300.0,29250.0,29250.0,36599.0,77779.0,29198.0,110989.0,44920.0,44920.0,110989.0,62888.0,70157.0,110989.0
53,Al-Hasakeh,Ras Al Ain,Ras Al Ain,69520.0,4820.0,4820.0,22912.0,48150.0,14321.12,48150.0,13904.0,27808.0,13274.0,33092.0,38823.0,48150.0
54,Ar-Raqqa,Ar-Raqqa,Maadan,22000.0,1770.0,1770.0,7215.0,15237.0,4532.0,21511.0,2200.0,2200.0,4409.0,21511.0,11428.0,21511.0
55,Hama,As-Suqaylabiyah,Madiq Castle,71410.0,8840.0,8840.0,23346.0,49459.0,18566.6,49459.0,14282.0,3571.0,8840.0,19995.0,36751.0,49459.0
56,Aleppo,Jebel Saman,Daret Azza,82520.0,36838.0,36838.0,27088.0,57153.0,19227.16,57153.0,33008.0,16504.0,36838.0,37629.0,47399.0,57153.0
57,Aleppo,Afrin,Sharan,23900.0,10490.0,10490.0,7781.0,16553.0,5568.7,16553.0,9560.0,4780.0,12071.0,7170.0,14795.0,16553.0
58,Ar-Raqqa,Ath-Thawrah,Al-Thawrah,74000.0,4200.0,4200.0,23802.0,51252.0,15577.0,67833.0,7400.0,7400.0,13338.0,67833.0,38441.0,67833.0
59,Al-Hasakeh,Al-Malikeyyeh,Al-Malikeyyeh,79470.0,5355.0,5355.0,25960.0,55041.0,16370.82,55041.0,15894.0,31788.0,15042.0,47682.0,43462.0,55041.0
60,Aleppo,Jebel Saman,Tall Ed-daman,52832.0,6623.0,6623.0,17147.0,36591.0,12309.86,36591.0,10566.0,10566.0,6623.0,29058.0,29757.0,36591.0
61,Deir-ez-Zor,Deir-ez-Zor,Kisreh,90990.0,12450.0,12450.0,30256.0,63020.0,19274.63,63020.0,18198.0,18198.0,22593.0,54594.0,47267.0,63020.0
62,Idleb,Jisr-Ash-Shugur,Badama,56545.0,51860.0,51860.0,18520.0,39163.0,11873.84,51860.0,22618.0,11309.0,51860.0,16285.0,31773.0,51860.0
63,Aleppo,Menbij,Al-Khafsa,94470.0,26060.0,26060.0,31179.0,65430.0,22011.51,65430.0,18894.0,9447.0,35007.0,52605.0,49074.0,65430.0
64,Idleb,Al Ma'ra,Khan Shaykun,19390.0,9580.0,9580.0,6294.0,13430.0,4005.21,13430.0,3878.0,3878.0,9580.0,8944.0,11992.0,13430.0
65,Homs,Ar-Rastan,Ar-Rastan,71890.0,15070.0,15070.0,23560.0,49791.0,18691.4,71890.0,28756.0,43134.0,71890.0,20704.0,36384.0,71890.0
66,Homs,Homs,Kherbet Tin Noor,72805.0,3490.0,3490.0,23847.0,50425.0,18929.3,50425.0,7281.0,7281.0,3490.0,20385.0,37820.0,50425.0
67,Idleb,Ariha,Ehsem,63000.0,12910.0,12910.0,20679.0,43634.0,13220.21,43634.0,12600.0,6300.0,12910.0,18144.0,37382.0,43634.0
68,Hama,Hama,Hamra,25835.0,6980.0,6980.0,8491.0,17893.0,6717.1,17893.0,10334.0,5167.0,7054.0,12020.0,12628.0,17893.0
69,Aleppo,Jebel Saman,Zarbah,46890.0,5470.0,5470.0,15738.0,32476.0,10925.37,32476.0,18756.0,9378.0,5470.0,16130.0,28655.0,32476.0
70,Tartous,Banyas,Banyas,82900.0,19170.0,19170.0,27388.0,57417.0,20807.9,57417.0,16580.0,16580.0,19170.0,32546.0,43064.0,57417.0
71,Deir-ez-Zor,Al Mayadin,Thiban,76900.0,15010.0,15010.0,25229.0,53261.0,16524.05,53261.0,7690.0,15380.0,22909.0,35682.0,39947.0,53261.0
72,Hama,Masyaf,Masyaf,73500.0,12720.0,12720.0,24103.0,50906.0,19110.0,50906.0,7350.0,14700.0,12720.0,30476.0,44423.0,50906.0
73,Rural Damascus,Rural Damascus,Arbin,51000.0,4570.0,4570.0,16761.0,35323.0,11424.0,51000.0,10200.0,5100.0,51000.0,17506.0,28449.0,51000.0
74,Rural Damascus,Az-Zabdani,Madaya,51100.0,1800.0,1800.0,16784.0,35392.0,11446.4,45700.0,20440.0,10220.0,45700.0,27546.0,22387.0,45700.0
75,Homs,Homs,Taldu,71100.0,4350.0,4350.0,23249.0,49244.0,18486.0,69597.0,28440.0,14220.0,69597.0,31995.0,38500.0,69597.0
76,Hama,Muhradah,Muhradah,48115.0,8585.0,8585.0,15315.0,33324.0,12509.9,33324.0,19246.0,9623.0,11083.0,23208.0,26272.0,33324.0
77,Rural Damascus,Darayya,Sahnaya,60000.0,37000.0,37000.0,20200.0,41556.0,13440.0,41556.0,12000.0,36000.0,37000.0,24679.0,32952.0,41556.0
78,Deir-ez-Zor,Abu Kamal,Susat,75400.0,1190.0,1190.0,24727.0,52222.0,15532.4,52222.0,15080.0,7540.0,10964.0,36795.0,39168.0,52222.0
79,Rural Damascus,Qatana,Sa'sa',62060.0,10310.0,10310.0,20602.0,42983.0,13901.44,46414.0,12412.0,12412.0,46414.0,33099.0,29552.0,46414.0
80,Homs,Tall Kalakh,Nasra,57700.0,40910.0,40910.0,18923.0,39963.0,15002.0,40910.0,11540.0,11540.0,40910.0,24129.0,29973.0,40910.0
81,Dar'a,Izra',Jasim,58000.0,24000.0,24000.0,18559.0,40171.0,11948.0,46787.0,23200.0,11600.0,24000.0,46787.0,33143.0,46787.0
82,Dar'a,Izra',Nawa ,57600.0,22810.0,22810.0,18782.0,39894.0,11865.6,39894.0,11520.0,11520.0,22810.0,17856.0,31107.0,39894.0
83,Rural Damascus,Az-Zabdani,Sarghaya,15500.0,900.0,900.0,5070.0,10735.0,3472.0,13900.0,1550.0,1550.0,13900.0,4805.0,8052.0,13900.0
84,Al-Hasakeh,Quamishli,Amuda,45260.0,14680.0,14680.0,14759.0,31347.0,9323.56,31347.0,18104.0,27156.0,18452.0,21590.0,27197.0,31347.0
85,Deir-ez-Zor,Deir-ez-Zor,Tabni,67750.0,10280.0,10280.0,21919.0,46924.0,14114.23,46924.0,13550.0,13550.0,17681.0,26558.0,35194.0,46924.0
86,Quneitra,Al Fiq,Fiq,2420.0,578.0,578.0,793.0,1676.0,563.86,1676.0,484.0,484.0,578.0,1300.0,1072.0,1676.0
87,Idleb,Al Ma'ra,Sanjar,60870.0,17500.0,17500.0,20002.0,42159.0,12672.2,43265.0,12174.0,6087.0,17500.0,43265.0,37677.0,43265.0
88,Rural Damascus,Al Qutayfah,Jirud,30400.0,2140.0,2140.0,9869.0,21055.0,6809.6,26700.0,6080.0,6080.0,26700.0,11400.0,13029.0,26700.0
89,Al-Hasakeh,Al-Hasakeh,Tal Tamer,50755.0,4690.0,4690.0,16560.0,35153.0,10455.53,35153.0,10151.0,20302.0,10720.0,18840.0,30668.0,35153.0
90,Homs,Al-Qusayr,Al Quasir,56890.0,14360.0,14360.0,18434.0,39402.0,14791.4,39402.0,5689.0,22756.0,14360.0,22009.0,24743.0,39402.0
91,Ar-Raqqa,Ar-Raqqa,Karama,37550.0,3455.0,3455.0,12313.0,26007.0,7752.4,30979.0,3755.0,7510.0,7893.0,30979.0,19506.0,30979.0
92,Idleb,Harim,Harim,35355.0,21680.0,21680.0,11977.0,24487.0,7223.27,24487.0,14142.0,7071.0,21680.0,20661.0,18442.0,24487.0
93,Rural Damascus,Qatana,Bait Jan,7460.0,0.0,0.0,2447.0,5167.0,1671.04,7460.0,746.0,1492.0,7460.0,6877.0,3875.0,7460.0
94,Tartous,Safita,Safita,59620.0,19055.0,19055.0,19414.0,41293.0,14964.62,41293.0,23848.0,5962.0,19055.0,21276.0,34069.0,41293.0
95,Quneitra,Quneitra,Khan Arnaba,44190.0,18025.0,18025.0,14431.0,30606.0,10296.27,33246.0,17676.0,17676.0,18332.0,33246.0,22416.0,33246.0
96,Lattakia,Jablah,Jablah,64670.0,26055.0,26055.0,20963.0,44790.0,16814.2,44790.0,12934.0,25868.0,26055.0,21876.0,26279.0,44790.0
97,Hama,Hama,Harbanifse,46520.0,1480.0,1480.0,15083.0,32220.0,12095.2,41432.0,18608.0,9304.0,9691.0,41432.0,30275.0,41432.0
98,Aleppo,Ain Al Arab,Ain al Arab,94387.0,425.0,425.0,28350.0,65372.0,21992.17,65372.0,9439.0,18877.0,12820.0,50216.0,57648.0,65372.0
99,Dar'a,Dar'a,Da'el,52000.0,19500.0,19500.0,17053.0,36015.0,10712.0,36015.0,10400.0,5200.0,19500.0,14976.0,26413.0,36015.0
100,Rural Damascus,Darayya,Markaz Darayya,43000.0,2520.0,2520.0,15349.0,29782.0,9632.0,43000.0,4300.0,4300.0,43000.0,20741.0,21614.0,43000.0
101,Aleppo,As-Safira,Banan,10990.0,3065.0,3065.0,3605.0,7612.0,2560.67,7612.0,2198.0,2198.0,3065.0,3209.0,6210.0,7612.0
102,Dar'a,Dar'a,Kherbet Ghazala,26700.0,13250.0,13250.0,8764.0,18492.0,5500.2,18492.0,10680.0,2670.0,13250.0,7690.0,13562.0,18492.0
103,Deir-ez-Zor,Deir-ez-Zor,Khasham,62300.0,850.0,850.0,19899.0,43149.0,13114.15,43149.0,6230.0,6230.0,8946.0,17942.0,32363.0,43149.0
104,Hama,Hama,Suran,26625.0,4340.0,4340.0,8659.0,18440.0,6922.5,23713.0,10650.0,5325.0,4708.0,23713.0,15468.0,23713.0
105,Aleppo,Menbij,Maskana,45370.0,10955.0,10955.0,14411.0,31423.0,10571.21,31423.0,9074.0,4537.0,15301.0,18148.0,23568.0,31423.0
106,Dar'a,Izra',Sheikh Miskine,14480.0,2220.0,2220.0,4693.0,10029.0,2982.88,10029.0,2896.0,1448.0,2220.0,9050.0,7631.0,10029.0
107,Idleb,Harim,Qourqeena,49200.0,22120.0,22120.0,16141.0,34076.0,10243.88,34076.0,9840.0,9840.0,22120.0,28395.0,26552.0,34076.0
108,Rural Damascus,Anbk,Anbk,49430.0,24110.0,24110.0,16234.0,34235.0,11072.32,34235.0,9886.0,19772.0,24127.0,14829.0,30469.0,34235.0
109,Idleb,Jisr-Ash-Shugur,Jisr-Ash-Shugur,49845.0,18380.0,18380.0,16282.0,34523.0,10758.83,34523.0,9969.0,9969.0,18380.0,27913.0,26842.0,34523.0
110,Idleb,Idleb,Abul Thohur,49350.0,21330.0,21330.0,16086.0,34180.0,10448.18,34180.0,19740.0,19740.0,21330.0,26834.0,26852.0,34180.0
111,Dar'a,Dar'a,Mseifra,39790.0,16840.0,16840.0,13074.0,27559.0,8196.74,27559.0,15916.0,7958.0,16840.0,11460.0,19522.0,27559.0
112,Aleppo,Afrin,Raju,61015.0,22360.0,22360.0,19788.0,42259.0,14216.5,42259.0,24406.0,12203.0,27060.0,18305.0,35242.0,42259.0
113,Al-Hasakeh,Al-Hasakeh,Shadadah,43750.0,6680.0,6680.0,14280.0,30301.0,9012.5,30301.0,8750.0,17500.0,11453.0,15559.0,29167.0,30301.0
114,As-Sweida,Salkhad,Gharyeh,4600.0,330.0,330.0,1511.0,3186.0,989.0,3186.0,460.0,460.0,330.0,1840.0,2337.0,3186.0
115,Deir-ez-Zor,Deir-ez-Zor,Basira,43570.0,3575.0,3575.0,14028.0,30177.0,9073.45,30177.0,4357.0,8714.0,8790.0,23964.0,22633.0,30177.0
116,Aleppo,Jarablus,Jarablus,27780.0,11450.0,11450.0,9220.0,19240.0,6472.74,19240.0,11112.0,5556.0,13399.0,10464.0,14431.0,19240.0
117,Dar'a,Izra',Hrak,46500.0,9790.0,9790.0,15295.0,32206.0,9579.0,32206.0,9300.0,9300.0,9790.0,13392.0,23667.0,32206.0
118,Idleb,Jisr-Ash-Shugur,Darkosh,49300.0,23495.0,23495.0,16110.0,34145.0,10605.26,34145.0,9860.0,9860.0,23495.0,27608.0,27467.0,34145.0
119,Aleppo,Afrin,Jandairis,47070.0,16710.0,16710.0,15244.0,32601.0,10967.31,32601.0,18828.0,9414.0,20417.0,14121.0,17625.0,32601.0
120,Ar-Raqqa,Ath-Thawrah,Mansura,51700.0,11992.0,11992.0,16955.0,35807.0,10650.2,35807.0,10340.0,10340.0,17306.0,28435.0,26857.0,35807.0
121,Aleppo,Al Bab,Dayr Hafir,10000.0,0.0,0.0,0.0,0.0,2330.0,4844.0,0.0,0.0,1320.0,4844.0,0.0,4844.0
122,As-Sweida,Shahba,Shahba,34270.0,9500.0,9500.0,11263.0,23735.0,7368.05,23735.0,3427.0,1714.0,9500.0,12076.0,13599.0,23735.0
123,Rural Damascus,Anbk,Deir Attiyeh,45400.0,14650.0,14650.0,14845.0,31444.0,10169.6,31444.0,18160.0,9080.0,15138.0,13075.0,23584.0,31444.0
124,Rural Damascus,Al Qutayfah,Al Qutayfah,48300.0,4960.0,4960.0,15991.0,33453.0,10819.2,33453.0,4830.0,4830.0,4960.0,24522.0,25760.0,33453.0
125,Quneitra,Quneitra,Al-Khashniyyeh,37195.0,18683.0,18683.0,12137.0,25761.0,8666.44,25761.0,14878.0,7439.0,18683.0,23946.0,19838.0,25761.0
126,Lattakia,Jablah,Qteilbiyyeh,21250.0,1260.0,1260.0,6949.0,14718.0,5525.0,14718.0,2125.0,4250.0,1260.0,5950.0,11039.0,14718.0
127,Hama,Masyaf,Oj,48110.0,10400.0,10400.0,15778.0,33321.0,12508.6,33321.0,4811.0,28866.0,10400.0,31572.0,24992.0,33321.0
128,Dar'a,As-Sanamayn,Ghabagheb,44880.0,14300.0,14300.0,14634.0,31084.0,9245.28,31084.0,17952.0,8976.0,14489.0,17952.0,26333.0,31084.0
129,Aleppo,A'zaz,Nabul,40540.0,845.0,845.0,13205.0,28078.0,9445.82,28078.0,8108.0,4054.0,1059.0,24324.0,21059.0,28078.0
130,Rural Damascus,Az-Zabdani,Ein Elfijeh,40900.0,9520.0,9520.0,13420.0,28327.0,9161.6,40900.0,16360.0,16360.0,40900.0,14929.0,22274.0,40900.0
131,Idleb,Al Ma'ra,Heish,48790.0,25380.0,25380.0,16026.0,33792.0,10054.3,33792.0,19516.0,9758.0,25380.0,15125.0,28433.0,33792.0
132,Dar'a,Dar'a,Jizeh,32160.0,21335.0,21335.0,10666.0,22274.0,6624.96,22274.0,12864.0,6432.0,21335.0,9262.0,15314.0,22274.0
133,Al-Hasakeh,Ras Al Ain,Darbasiyah,40120.0,6350.0,6350.0,13069.0,27787.0,8264.72,27787.0,8024.0,16048.0,10693.0,20862.0,20598.0,27787.0
134,Aleppo,Menbij,Abu Qalqal,43170.0,9844.0,9844.0,14868.0,29900.0,10058.61,29900.0,8634.0,4317.0,14066.0,17491.0,22426.0,29900.0
135,Homs,Tall Kalakh,Hawash,40663.0,25225.0,25225.0,13112.0,28163.0,10572.38,28163.0,8133.0,16265.0,25225.0,17005.0,11618.0,28163.0
136,Dar'a,Dar'a,Busra Esh-Sham,37430.0,14690.0,14690.0,12270.0,25924.0,7710.58,25924.0,7486.0,3743.0,14690.0,10780.0,16863.0,25924.0
137,Homs,Al Makhrim,Al Makhrim,45450.0,2680.0,2680.0,14605.0,31479.0,11817.0,31479.0,4545.0,9090.0,2680.0,23435.0,17314.0,31479.0
138,Aleppo,Jebel Saman,Haritan,23630.0,5925.0,5925.0,7801.0,16366.0,5505.79,18067.0,9452.0,4726.0,5925.0,18067.0,12153.0,18067.0
139,Idleb,Al Ma'ra,Tamanaah,37360.0,12250.0,12250.0,12230.0,25876.0,7847.43,25876.0,7472.0,7472.0,12250.0,10760.0,22877.0,25876.0
140,Idleb,Idleb,Teftnaz,27700.0,12640.0,12640.0,9080.0,19185.0,5872.7,19185.0,11080.0,5540.0,12640.0,8864.0,15252.0,19185.0
141,Lattakia,Al-Qardaha,Jobet Berghal,4430.0,90.0,90.0,1442.0,3068.0,1151.8,3068.0,443.0,886.0,90.0,2561.0,2301.0,3068.0
142,Idleb,Jisr-Ash-Shugur,Janudiyeh,35810.0,23160.0,23160.0,11623.0,24802.0,7663.62,24802.0,14324.0,7162.0,23160.0,10313.0,20714.0,24802.0
143,Aleppo,As-Safira,As-Safira,25890.0,105.0,105.0,8369.0,17931.0,6032.37,17931.0,5178.0,2589.0,105.0,12382.0,13449.0,17931.0
144,Hama,As-Salamiyeh,As-Saan,9700.0,1280.0,1280.0,3176.0,6718.0,2522.0,6718.0,970.0,970.0,1390.0,2716.0,6646.0,6718.0
145,Idleb,Harim,Armanaz,39000.0,13130.0,13130.0,12984.0,27011.0,7645.2,27011.0,7800.0,3900.0,13130.0,19061.0,21658.0,27011.0
146,Tartous,Dreikish,Dreikish,41160.0,14200.0,14200.0,13290.0,28507.0,10331.16,28507.0,8232.0,16464.0,14200.0,10290.0,23520.0,28507.0
147,Dar'a,Dar'a,Ash-Shajara,34950.0,7310.0,7310.0,11345.0,24102.0,7199.7,24102.0,6990.0,6990.0,9935.0,19572.0,18172.0,24102.0
148,Tartous,Tartous,Soda Khawabi,37100.0,17310.0,17310.0,12212.0,25695.0,9312.1,25695.0,7420.0,7420.0,17310.0,18086.0,21200.0,25695.0
149,As-Sweida,Shahba,Shaqa,20695.0,3530.0,3530.0,6802.0,14333.0,4449.43,14333.0,2070.0,2070.0,3530.0,10115.0,10512.0,14333.0
150,Rural Damascus,Duma,Dhameer,36900.0,15820.0,15820.0,11939.0,25557.0,8265.6,35820.0,14760.0,14760.0,35820.0,20554.0,6970.0,35820.0
151,Homs,Homs,Raqama,21890.0,6340.0,6340.0,7179.0,15161.0,5691.4,15161.0,4378.0,4378.0,6340.0,10398.0,11371.0,15161.0
152,Rural Damascus,Yabroud,Yabroud,32090.0,15600.0,15600.0,10517.0,22226.0,7188.16,22226.0,12836.0,12836.0,15600.0,14975.0,1528.0,22226.0
153,Lattakia,Lattakia,Hanadi,13750.0,710.0,710.0,4502.0,9523.0,3575.0,9523.0,1375.0,1375.0,710.0,5964.0,7143.0,9523.0
154,Hama,Muhradah,Karnaz,7440.0,2280.0,2280.0,2446.0,5153.0,1934.4,5153.0,1488.0,1488.0,2280.0,2258.0,3865.0,5153.0
155,Deir-ez-Zor,Deir-ez-Zor,Sur,38450.0,2080.0,2080.0,12476.0,26630.0,8235.14,26630.0,3845.0,3845.0,6843.0,21046.0,19974.0,26630.0
156,Ar-Raqqa,Ath-Thawrah,Jurneyyeh,26540.0,6200.0,6200.0,8704.0,18382.0,5467.24,25759.0,5308.0,2654.0,8859.0,25759.0,13787.0,25759.0
157,Al-Hasakeh,Quamishli,Tal Hmis,28170.0,0.0,0.0,9213.0,19511.0,5803.02,19511.0,5634.0,11268.0,3718.0,15494.0,15203.0,19511.0
158,Rural Damascus,Az-Zabdani,Az-Zabdani,34190.0,14360.0,14360.0,11285.0,23680.0,7658.56,26007.0,13676.0,20514.0,26007.0,18463.0,17860.0,26007.0
159,Hama,Masyaf,Wadi El-oyoun,26700.0,8160.0,8160.0,8756.0,18492.0,6942.0,18492.0,2670.0,10680.0,8160.0,15019.0,3179.0,18492.0
160,Al-Hasakeh,Al-Hasakeh,Markada,35700.0,8335.0,8335.0,10210.0,24726.0,7354.2,24726.0,21420.0,7140.0,11797.0,10417.0,20400.0,24726.0
161,Hama,Masyaf,Jeb Ramleh,36500.0,50.0,50.0,11970.0,25280.0,9490.0,25280.0,3650.0,3650.0,50.0,20988.0,18961.0,25280.0
162,Aleppo,Al Bab,Tadaf,21001.0,1908.0,1908.0,6897.0,14545.0,4893.23,14545.0,4200.0,2100.0,4394.0,10591.0,10909.0,14545.0
163,Rural Damascus,Duma,Nashabiyeh,20190.0,6660.0,6660.0,6594.0,13984.0,4522.56,18410.0,8076.0,4038.0,18410.0,6070.0,11211.0,18410.0
164,Al-Hasakeh,Al-Malikeyyeh,Jawadiyah,29430.0,535.0,535.0,10052.0,20383.0,6062.58,20383.0,5886.0,11772.0,4340.0,11147.0,18958.0,20383.0
165,Idleb,Ariha,Mhambal,27370.0,6010.0,6010.0,8907.0,18956.0,5910.55,18956.0,5474.0,2737.0,6010.0,11323.0,15167.0,18956.0
166,Deir-ez-Zor,Deir-ez-Zor,Muhasan,29940.0,5720.0,5720.0,9816.0,20736.0,6168.81,20736.0,5988.0,2994.0,8814.0,19760.0,6843.0,20736.0
167,Hama,As-Suqaylabiyah,As-Suqaylabiyah,35450.0,2100.0,2100.0,11626.0,24553.0,9217.0,24553.0,7090.0,7090.0,2100.0,17725.0,18415.0,24553.0
168,Tartous,Sheikh Badr,Sheikh Badr,29590.0,10610.0,10610.0,9567.0,20494.0,7427.09,20494.0,5918.0,5918.0,10610.0,12409.0,16439.0,20494.0
169,Aleppo,Jebel Saman,Hadher,900.0,0.0,0.0,295.0,623.0,209.7,623.0,90.0,90.0,0.0,361.0,543.0,623.0
170,Aleppo,Ain Al Arab,Sarin,23154.0,680.0,680.0,8095.0,16036.0,5394.88,16036.0,2315.0,4631.0,3634.0,11570.0,13690.0,16036.0
171,Idleb,Idleb,Bennsh,26500.0,2180.0,2180.0,8504.0,9489.0,5459.0,14980.0,2650.0,2650.0,14980.0,14840.0,7550.0,14980.0
172,Ar-Raqqa,Tell Abiad,Tell Abiad,29930.0,3075.0,3075.0,10148.0,20730.0,6466.46,20730.0,2993.0,11972.0,6565.0,20577.0,16343.0,20730.0
173,Homs,Homs,Ein Elniser,31560.0,3480.0,3480.0,10350.0,21858.0,8205.6,21858.0,3156.0,6312.0,7000.0,13019.0,16030.0,21858.0
174,Hama,As-Suqaylabiyah,Ziyara,13310.0,60.0,60.0,4368.0,9219.0,3460.6,9219.0,2662.0,1331.0,60.0,1464.0,7606.0,9219.0
175,Ar-Raqqa,Ar-Raqqa,Sabka,26635.0,1970.0,1970.0,8735.0,18447.0,5486.81,18447.0,2664.0,2664.0,5190.0,17091.0,13836.0,18447.0
176,Aleppo,Al Bab,A'rima,29390.0,6638.0,6638.0,9662.0,20356.0,6847.87,20356.0,5878.0,5878.0,9522.0,13047.0,15267.0,20356.0
177,Ar-Raqqa,Tell Abiad,Ein Issa,17732.0,1430.0,1430.0,5850.0,12281.0,3839.93,17732.0,1773.0,3546.0,3556.0,17732.0,9211.0,17732.0
178,Homs,Homs,Qabu,39100.0,2250.0,2250.0,12747.0,27081.0,10166.0,27081.0,3910.0,3910.0,2250.0,10948.0,16757.0,27081.0
179,Aleppo,A'zaz,Aghtrin,27910.0,12960.0,12960.0,9153.0,19330.0,6503.03,19330.0,0.0,11164.0,14700.0,8373.0,14498.0,19330.0
180,Deir-ez-Zor,Abu Kamal,Jalaa,28800.0,2160.0,2160.0,9378.0,19947.0,5967.9,19947.0,2880.0,2880.0,5638.0,15006.0,14961.0,19947.0
181,Homs,Tall Kalakh,Tall Kalakh,27830.0,2160.0,2160.0,9127.0,19275.0,7235.8,19275.0,2783.0,2783.0,2160.0,7862.0,14457.0,19275.0
182,Idleb,Idleb,Sarmin,9500.0,4500.0,4500.0,3107.0,6580.0,1914.25,6580.0,1900.0,950.0,4500.0,2736.0,5967.0,6580.0
183,Aleppo,Ain Al Arab,Lower Shyookh,35180.0,0.0,0.0,11292.0,8782.0,8196.94,13593.0,3518.0,3518.0,4644.0,13593.0,5852.0,13593.0
184,Aleppo,Al Bab,Rasm Haram El-Imam,7245.0,735.0,735.0,2403.0,5018.0,1688.09,5018.0,1449.0,725.0,1581.0,3105.0,3764.0,5018.0
185,Tartous,Banyas,Hamam Wasil,7160.0,930.0,930.0,2348.0,4959.0,1797.16,4959.0,716.0,1432.0,930.0,1790.0,2955.0,4959.0
186,Idleb,Harim,Kafr Takharim,20250.0,16580.0,16580.0,6691.0,14025.0,3944.48,16580.0,8100.0,8100.0,16580.0,11340.0,12343.0,16580.0
187,Homs,Al Makhrim,Jeb Ej-Jarrah,21685.0,1520.0,1520.0,6820.0,15019.0,5638.1,15019.0,2169.0,2169.0,2155.0,8599.0,11265.0,15019.0
188,Tartous,Dreikish,Jneinet Raslan,7616.0,510.0,510.0,2494.0,5275.0,1911.62,5275.0,762.0,1523.0,510.0,3332.0,3868.0,5275.0
189,Rural Damascus,Duma,Haran Al'awameed,20760.0,3410.0,3410.0,7727.0,14378.0,4650.24,14378.0,2076.0,2076.0,3410.0,6241.0,10784.0,14378.0
190,Al-Hasakeh,Quamishli,Qahtaniyyeh,26290.0,1675.0,1675.0,8590.0,18208.0,5415.74,18208.0,5258.0,5258.0,4894.0,14460.0,15261.0,18208.0
191,Hama,Masyaf,Ein Halaqim,24400.0,5450.0,5450.0,8002.0,16899.0,6344.0,16899.0,2440.0,2440.0,5450.0,13725.0,12675.0,16899.0
192,Aleppo,Afrin,Bulbul,21060.0,9250.0,9250.0,6876.0,14586.0,4906.98,14586.0,8424.0,4212.0,10642.0,6318.0,6686.0,14586.0
193,Homs,Homs,Hasyaa,20740.0,5380.0,5380.0,6802.0,14365.0,5392.4,14365.0,4148.0,8296.0,5380.0,13935.0,10774.0,14365.0
194,As-Sweida,As-Sweida,Mazra'a,17110.0,3450.0,3450.0,5611.0,11850.0,3678.65,11850.0,1711.0,1711.0,3450.0,8555.0,10320.0,11850.0
195,Al-Hasakeh,Al-Malikeyyeh,Ya'robiyah,23120.0,885.0,885.0,7545.0,16013.0,4762.72,16013.0,4624.0,4624.0,3804.0,11432.0,15046.0,16013.0
196,Aleppo,A'zaz,Mare',14139.0,1175.0,1175.0,4519.0,9793.0,3294.39,9793.0,1414.0,2828.0,2865.0,4242.0,8584.0,9793.0
197,Aleppo,Afrin,Ma'btali,21436.0,7740.0,7740.0,6973.0,14847.0,4994.59,14847.0,8574.0,2144.0,9409.0,9546.0,13357.0,14847.0
198,Hama,Muhradah,Kafr Zeita,18820.0,1580.0,1580.0,6187.0,13035.0,4893.2,13035.0,3764.0,1882.0,2193.0,5270.0,9548.0,13035.0
199,Aleppo,As-Safira,Hajeb,7110.0,1705.0,1705.0,2308.0,4924.0,1656.63,4924.0,1422.0,356.0,1705.0,2076.0,3611.0,4924.0
200,Al-Hasakeh,Al-Hasakeh,Areesheh,19810.0,680.0,680.0,6464.0,13720.0,4080.86,13720.0,3962.0,3962.0,3193.0,9603.0,11949.0,13720.0
201,Homs,Homs,Mahin,0.0,0.0,0.0,0.0,0.0,0.0,0.0,0.0,0.0,0.0,0.0,0.0,0.0
202,Homs,Homs,Sadad,5600.0,20.0,20.0,1837.0,3879.0,1456.0,3879.0,560.0,560.0,20.0,2688.0,2909.0,3879.0
203,Al-Hasakeh,Al-Hasakeh,Hole,14059.0,2975.0,2975.0,4102.0,9737.0,2896.15,9737.0,5624.0,2812.0,4385.0,4049.0,8034.0,9737.0
204,Lattakia,Lattakia,Ein El-Bayda,9320.0,1310.0,1310.0,3085.0,6455.0,2423.2,6455.0,932.0,932.0,1310.0,3146.0,4734.0,6455.0
205,As-Sweida,Salkhad,Salkhad,24180.0,2680.0,2680.0,7923.0,16747.0,5198.7,16747.0,2418.0,2418.0,2680.0,9672.0,7676.0,16747.0
206,Hama,As-Suqaylabiyah,Tell Salhib,16960.0,30.0,30.0,5562.0,11746.0,4409.6,11746.0,848.0,1696.0,30.0,9559.0,8810.0,11746.0
207,Rural Damascus,Darayya,Hajar Aswad,4500.0,320.0,320.0,1483.0,3117.0,1008.0,4500.0,900.0,900.0,4500.0,3150.0,1857.0,4500.0
208,Rural Damascus,Al Qutayfah,Ma'loula,10800.0,190.0,190.0,3532.0,7480.0,2419.2,7480.0,1080.0,540.0,190.0,3544.0,5610.0,7480.0
209,Lattakia,Al-Qardaha,Fakhura,14180.0,510.0,510.0,4636.0,9821.0,3686.8,9821.0,1418.0,1418.0,510.0,5672.0,7366.0,9821.0
210,Tartous,Tartous,Hameidiyyeh,20190.0,8360.0,8360.0,6635.0,13984.0,5067.69,13984.0,8076.0,4038.0,8360.0,8443.0,12178.0,13984.0
211,Tartous,Banyas,Qadmous,20220.0,3850.0,3850.0,6631.0,14004.0,5075.22,14004.0,4044.0,4044.0,3850.0,7077.0,11389.0,14004.0
212,Aleppo,Jarablus,Ghandorah,27403.0,14393.0,14393.0,8987.0,18979.0,6384.9,18979.0,10961.0,5481.0,15851.0,7892.0,14235.0,18979.0
213,Aleppo,A'zaz,Tall Refaat,13630.0,1258.0,1258.0,4440.0,9440.0,3175.79,9440.0,5452.0,2726.0,2649.0,4034.0,7080.0,9440.0
214,Aleppo,Al Bab,Ar-Ra'ee,20031.0,6615.0,6615.0,6606.0,13873.0,4667.22,13873.0,8012.0,4006.0,8267.0,6453.0,10405.0,13873.0
215,Ar-Raqqa,Tell Abiad,Suluk,34520.0,3535.0,3535.0,10538.0,10057.0,7244.41,19331.0,3452.0,6904.0,7561.0,19331.0,5828.0,19331.0
216,Tartous,Safita,Mashta Elhiu,16710.0,9430.0,9430.0,5473.0,11573.0,4194.21,11573.0,3342.0,3342.0,9430.0,8616.0,9549.0,11573.0
217,Homs,Homs,Farqalas,16330.0,4930.0,4930.0,5342.0,11310.0,4245.8,11310.0,3266.0,1633.0,5003.0,7757.0,8483.0,11310.0
218,Rural Damascus,Rural Damascus,Maliha,0.0,0.0,0.0,0.0,0.0,0.0,0.0,0.0,0.0,0.0,0.0,0.0,0.0
219,Tartous,Safita,Ras El-Khashufeh,16380.0,1470.0,1470.0,5337.0,11345.0,4111.38,11345.0,1638.0,819.0,1470.0,8446.0,9360.0,11345.0
220,Hama,As-Suqaylabiyah,Shat-ha,15040.0,0.0,0.0,4932.0,10417.0,3910.4,12408.0,1504.0,1504.0,0.0,12408.0,7813.0,12408.0
221,Rural Damascus,Yabroud,Esal El-Ward,4550.0,390.0,390.0,1532.0,3151.0,1019.2,3151.0,455.0,910.0,932.0,1536.0,2364.0,3151.0
222,Rural Damascus,Az-Zabdani,Dimas,17710.0,4110.0,4110.0,5808.0,12266.0,3967.04,12266.0,1771.0,7084.0,4110.0,9132.0,9200.0,12266.0
223,As-Sweida,Salkhad,Thibeen,7500.0,580.0,580.0,2472.0,5195.0,1612.5,5195.0,750.0,750.0,580.0,3563.0,4286.0,5195.0
224,Tartous,Safita,Sisniyyeh,17370.0,2300.0,2300.0,5692.0,12030.0,4359.87,12030.0,1737.0,3474.0,2300.0,6731.0,10477.0,12030.0
225,Tartous,Tartous,Kareemeh,11560.0,1040.0,1040.0,3793.0,8006.0,2901.56,8006.0,2312.0,2312.0,1040.0,4624.0,6973.0,8006.0
226,Hama,As-Salamiyeh,Eastern Bari,3970.0,470.0,470.0,1310.0,2750.0,1032.2,3036.0,794.0,397.0,660.0,1861.0,3036.0,3036.0
227,Tartous,Tartous,Kherbet Elma'aza,16770.0,2160.0,2160.0,5506.0,11615.0,4209.27,11615.0,1677.0,1677.0,2160.0,8720.0,8518.0,11615.0
228,Tartous,Tartous,Safsafa,17160.0,1540.0,1540.0,5635.0,11885.0,4307.16,11885.0,858.0,3432.0,1540.0,8151.0,10350.0,11885.0
229,Dar'a,As-Sanamayn,Masmiyyeh,12120.0,1600.0,1600.0,3970.0,8394.0,2496.72,11249.0,2424.0,1212.0,1600.0,11249.0,6879.0,11249.0
230,Hama,As-Salamiyeh,Saboura,4010.0,1340.0,1340.0,1293.0,2777.0,1042.6,2777.0,802.0,401.0,1352.0,1003.0,2404.0,2777.0
231,Lattakia,Al-Haffa,Kansaba,600.0,0.0,0.0,197.0,416.0,156.0,416.0,60.0,60.0,0.0,168.0,312.0,416.0
232,Lattakia,Jablah,Dalyeh,9570.0,360.0,360.0,3134.0,6628.0,2488.2,6628.0,957.0,1914.0,360.0,3350.0,4971.0,6628.0
233,Aleppo,Al Bab,Eastern Kwaires ,0.0,0.0,0.0,0.0,0.0,0.0,0.0,0.0,0.0,0.0,0.0,0.0,0.0
234,Tartous,Banyas,Anaza,15300.0,2000.0,2000.0,5028.0,10597.0,3840.3,10597.0,1530.0,1530.0,2000.0,4303.0,8500.0,10597.0
235,Aleppo,As-Safira,Khanaser,540.0,0.0,0.0,177.0,374.0,125.82,374.0,54.0,54.0,0.0,183.0,281.0,374.0
236,Homs,Tall Kalakh,Hadideh,41567.0,0.0,0.0,0.0,28789.0,10807.42,28789.0,0.0,2078.0,0.0,17146.0,21593.0,28789.0
237,Tartous,Sheikh Badr,Qumseyyeh,13460.0,3190.0,3190.0,4404.0,9322.0,3378.46,9322.0,1346.0,1346.0,3190.0,3575.0,2564.0,9322.0
238,Rural Damascus,At Tall,Rankus,9870.0,60.0,60.0,2921.0,6836.0,2210.88,8019.0,1974.0,987.0,60.0,8019.0,5640.0,8019.0
239,Tartous,Dreikish,Dweir Raslan,11060.0,2240.0,2240.0,3624.0,7660.0,2776.06,10023.0,2212.0,2212.0,2240.0,10023.0,5618.0,10023.0
240,Homs,Tadmor,Sokhneh,13870.0,860.0,860.0,4478.0,9606.0,3606.2,9606.0,1387.0,1387.0,2562.0,9479.0,7205.0,9606.0
241,Aleppo,Afrin,Sheikh El-Hadid,12830.0,5080.0,5080.0,4177.0,8886.0,2989.39,8886.0,5132.0,2566.0,6012.0,3849.0,1222.0,8886.0
242,Homs,Homs,Qaryatein,800.0,0.0,0.0,0.0,554.0,208.0,554.0,0.0,0.0,0.0,509.0,416.0,554.0
243,Lattakia,Al-Haffa,Al-Haffa,10120.0,830.0,830.0,3314.0,7009.0,2631.2,7009.0,2024.0,2024.0,830.0,5397.0,5257.0,7009.0
244,As-Sweida,As-Sweida,Mashnaf,12610.0,90.0,90.0,4143.0,8734.0,2711.15,8734.0,1261.0,1261.0,90.0,6936.0,4003.0,8734.0
245,Homs,Tadmor,Tadmor,3180.0,70.0,70.0,1049.0,2202.0,826.8,2798.0,318.0,318.0,193.0,2798.0,1491.0,2798.0
246,Lattakia,Jablah,Ein Elsharqiyeh,11240.0,640.0,640.0,3677.0,7785.0,2922.4,7785.0,1124.0,1124.0,640.0,3147.0,5839.0,7785.0
247,As-Sweida,Salkhad,Milh,11880.0,360.0,360.0,3905.0,8228.0,2554.2,8228.0,1188.0,1188.0,360.0,5643.0,6034.0,8228.0
248,Tartous,Banyas,Rawda,10290.0,1020.0,1020.0,3375.0,7127.0,2582.79,7127.0,1029.0,2058.0,1020.0,3859.0,5227.0,7127.0
249,Lattakia,Lattakia,Qastal Maaf,9210.0,1240.0,1240.0,3020.0,6379.0,2394.6,6379.0,1842.0,921.0,1240.0,4622.0,4784.0,6379.0
250,Tartous,Safita,Sibbeh,6000.0,520.0,520.0,1963.0,4156.0,1506.0,4156.0,600.0,600.0,520.0,3750.0,3429.0,4156.0
251,As-Sweida,Shahba,Little Sura,11250.0,360.0,360.0,3697.0,7792.0,2418.75,7792.0,1125.0,1125.0,360.0,6187.0,6786.0,7792.0
252,As-Sweida,Salkhad,Qarayya,10945.0,2110.0,2110.0,3656.0,7581.0,2353.18,7581.0,2189.0,547.0,2110.0,3502.0,5837.0,7581.0
253,Rural Damascus,At Tall,Sidnaya,10050.0,790.0,790.0,3278.0,6961.0,2251.2,6961.0,1005.0,1005.0,790.0,5360.0,5743.0,6961.0
254,Homs,Homs,Shin,28101.0,0.0,0.0,0.0,19463.0,7306.26,19463.0,1405.0,2810.0,0.0,14267.0,12043.0,19463.0
255,Rural Damascus,Duma,Sabe Byar,78850.0,78800.0,78800.0,24719.0,589.0,17662.4,78800.0,31540.0,15770.0,78800.0,26651.0,442.0,78800.0
256,Lattakia,Al-Haffa,Salanfa,3950.0,160.0,160.0,1290.0,2736.0,1027.0,2736.0,790.0,790.0,160.0,1106.0,2052.0,2736.0
257,Lattakia,Jablah,Ein Shaqaq,9700.0,520.0,520.0,3176.0,6718.0,2522.0,6718.0,970.0,970.0,520.0,3031.0,5039.0,6718.0
258,Lattakia,Jablah,Beit Yashout,8720.0,360.0,360.0,2821.0,6039.0,2267.2,6039.0,872.0,1744.0,360.0,2442.0,4530.0,6039.0
259,Lattakia,Lattakia,Rabee'a,1300.0,0.0,0.0,378.0,900.0,338.0,900.0,0.0,0.0,0.0,395.0,675.0,900.0
260,Al-Hasakeh,Al-Hasakeh,Be'r Al-Hulo Al-Wardeyyeh,2990.0,200.0,200.0,979.0,2071.0,615.94,2990.0,598.0,1196.0,565.0,2990.0,664.0,2990.0
261,Tartous,Dreikish,Hamin,6690.0,440.0,440.0,2194.0,4633.0,1679.19,4633.0,669.0,0.0,440.0,1045.0,3398.0,4633.0
262,Tartous,Banyas,Taleen,6160.0,1160.0,1160.0,2014.0,4266.0,1546.16,4716.0,616.0,1232.0,1160.0,4716.0,3129.0,4716.0
263,Lattakia,Al-Haffa,Mzair'a,6690.0,170.0,170.0,2188.0,4633.0,1739.4,4633.0,669.0,669.0,170.0,1873.0,3475.0,4633.0
264,Tartous,Safita,Bariqiyeh,6100.0,730.0,730.0,1996.0,4225.0,1531.1,4575.0,610.0,1220.0,730.0,4575.0,3486.0,4575.0
265,Lattakia,Al-Qardaha,Harf Elmseitra,4950.0,400.0,400.0,1619.0,3428.0,1287.0,3428.0,495.0,990.0,400.0,2784.0,2571.0,3428.0
266,Tartous,Banyas,Tawahin,5980.0,1030.0,1030.0,1955.0,4142.0,1500.98,4142.0,1196.0,2392.0,1030.0,1682.0,3322.0,4142.0
267,Lattakia,Lattakia,Bahlawaniyeh,4860.0,120.0,120.0,1594.0,3366.0,1263.6,3366.0,486.0,972.0,120.0,1361.0,2525.0,3366.0
268,Lattakia,Al-Haffa,Ein Et-teeneh,3800.0,120.0,120.0,1246.0,2632.0,988.0,2632.0,380.0,380.0,120.0,1283.0,1974.0,2632.0
269,Lattakia,Lattakia,Kasab,830.0,380.0,380.0,267.0,575.0,215.8,575.0,332.0,166.0,380.0,239.0,431.0,575.0
