Admin1,Admin2,Admin3,Pop_HNO _2017,IDPs_estimates_for_the_HNO_2017,CCCM_PiN_2017,Education_PiN_2017,Health_PiN_2017,Nutrition_PiN_2017,Protection_PiN_2017,NFI_PiN_2017,Shelter_PiN_2017,WASH_PiN_2017,FS_PiN_2017,ERL_PiN_2017,Intersector_PiN,CCCM_Severity_2017,Education_Severity_2017,Health_Severity_2017,Nutrition_Severity_2017,Protection_Severity_2017,NFI_Severity_2017,Shelter_Severity_2017,WASH_Severity_2017,FS_Severity_2017,ERL_Severity_2017
Damascus,Damascus,Damascus,1759800.00,651000.00,651000.00,577153.00,1218837.00,441709.80,1218837.00,703920.00,351960.00,818800.00,746155.00,1073285.00,1218837.00,4.00,3.00,1.00,3.00,5.00,4.00,3.00,3.00,5.00,5.00
Aleppo,Jebel Saman,Jebel Saman,1333135.00,410900.00,410900.00,442007.00,923329.00,310620.46,923329.00,533254.00,266627.00,685900.00,722665.00,752114.00,923329.00,4.00,5.00,2.00,4.00,5.00,4.00,3.00,6.00,5.00,5.00
Homs,Homs,Homs,721669.00,314358.00,314358.00,234670.00,499828.00,187633.94,499828.00,433001.00,288668.00,386782.00,307912.00,380910.00,499828.00,5.00,3.00,2.00,3.00,6.00,5.00,4.00,4.00,5.00,6.00
Hama,As-Salamiyeh,Oqeirbat,20750.00,1260.00,1260.00,6705.00,14371.00,5395.00,14371.00,4150.00,2075.00,3810.00,13851.00,10869.00,14371.00,1.00,6.00,4.00,3.00,3.00,3.00,2.00,4.00,4.00,6.00
Hama,Hama,Hama,647940.00,130515.00,130515.00,213147.00,448763.00,168464.40,448763.00,129588.00,64794.00,137115.00,362672.00,356942.00,448763.00,3.00,1.00,0.00,3.00,3.00,3.00,2.00,4.00,4.00,5.00
Dar'a,Izra',Tassil,28500.00,7200.00,7200.00,9361.00,19739.00,5871.00,19739.00,5700.00,5700.00,7200.00,8208.00,13613.00,19739.00,3.00,5.00,1.00,4.00,3.00,3.00,3.00,4.00,4.00,6.00
Lattakia,Lattakia,Lattakia,659070.00,350480.00,350480.00,215423.00,456472.00,171358.20,456472.00,395442.00,131814.00,350480.00,287882.00,376611.00,456472.00,6.00,3.00,0.00,4.00,5.00,5.00,3.00,3.00,5.00,6.00
Rural Damascus,Rural Damascus,Jaramana,600000.00,300000.00,300000.00,204514.00,415560.00,134400.00,415560.00,60000.00,240000.00,300000.00,312000.00,358730.00,415560.00,5.00,6.00,1.00,4.00,4.00,2.00,4.00,4.00,5.00,6.00
Idleb,Harim,Dana,342380.00,299710.00,299710.00,112524.00,237132.00,71155.15,299710.00,136952.00,68476.00,299710.00,98605.00,192953.00,299710.00,6.00,6.00,2.00,3.00,5.00,4.00,3.00,3.00,5.00,6.00
Ar-Raqqa,Ar-Raqqa,Ar-Raqqa,334490.00,156219.00,156219.00,118602.00,231668.00,78791.06,231668.00,66898.00,133796.00,176939.00,229365.00,113266.00,231668.00,5.00,6.00,3.00,5.00,6.00,3.00,4.00,4.00,5.00,5.00
Rural Damascus,Rural Damascus,Qudsiya,338600.00,125940.00,125940.00,109712.00,234514.00,75846.40,234514.00,67720.00,33860.00,165270.00,180106.00,174612.00,234514.00,4.00,6.00,0.00,4.00,5.00,3.00,2.00,3.00,5.00,6.00
Lattakia,Al-Qardaha,Al-Qardaha,37310.00,2780.00,2780.00,12154.00,25841.00,9700.60,25841.00,3731.00,7462.00,2780.00,20521.00,19381.00,25841.00,1.00,1.00,0.00,4.00,2.00,2.00,3.00,2.00,4.00,0.00
Rural Damascus,At Tall,At Tall,238650.00,196260.00,196260.00,73004.00,165289.00,53457.60,218713.00,95460.00,143190.00,218713.00,121977.00,105424.00,218713.00,6.00,5.00,1.00,4.00,5.00,4.00,5.00,3.00,5.00,5.00
Deir-ez-Zor,Deir-ez-Zor,Deir-ez-Zor,142680.00,54320.00,54320.00,46983.00,98820.00,29426.66,142680.00,28536.00,28536.00,99616.00,142680.00,89698.00,142680.00,4.00,6.00,4.00,5.00,5.00,3.00,3.00,6.00,5.00,6.00
Rural Damascus,Qatana,Qatana,314740.00,175780.00,175780.00,103972.00,217989.00,70501.76,217989.00,188844.00,125896.00,184900.00,167654.00,154896.00,217989.00,6.00,4.00,1.00,4.00,6.00,5.00,4.00,3.00,5.00,5.00
Tartous,Sheikh Badr,Baramanet Elmashayekh,14380.00,3070.00,3070.00,4742.00,9960.00,3609.38,9960.00,1438.00,2876.00,3070.00,2472.00,5935.00,9960.00,3.00,2.00,0.00,3.00,2.00,2.00,3.00,2.00,2.00,6.00
Rural Damascus,Al Qutayfah,Raheiba,35000.00,6872.00,6872.00,11420.00,24241.00,7840.00,35000.00,7000.00,7000.00,35000.00,21875.00,18181.00,35000.00,2.00,6.00,1.00,4.00,4.00,3.00,3.00,3.00,4.00,0.00
Idleb,Idleb,Idleb,120520.00,49850.00,49850.00,40239.00,83472.00,25783.48,83472.00,24104.00,12052.00,49850.00,62823.00,73722.00,83472.00,5.00,4.00,3.00,3.00,5.00,3.00,2.00,3.00,5.00,6.00
As-Sweida,Shahba,Ariqa,10530.00,2030.00,2030.00,3456.00,7293.00,2263.95,7293.00,2106.00,2106.00,2030.00,3922.00,4179.00,7293.00,2.00,2.00,1.00,3.00,3.00,3.00,3.00,4.00,5.00,6.00
Al-Hasakeh,Al-Hasakeh,Al-Hasakeh,214010.00,112265.00,112265.00,71787.00,148223.00,44086.06,162650.00,128406.00,42802.00,123675.00,162650.00,112507.00,162650.00,6.00,6.00,1.00,4.00,6.00,5.00,3.00,3.00,5.00,5.00
Aleppo,A'zaz,A'zaz,212975.00,166563.00,166563.00,72582.00,147506.00,49623.18,167580.00,127785.00,85190.00,167580.00,87432.00,133878.00,167580.00,6.00,6.00,2.00,4.00,6.00,5.00,4.00,3.00,5.00,4.00
Rural Damascus,Rural Damascus,Babella,175800.00,27820.00,27820.00,60515.00,121759.00,39379.20,121759.00,35160.00,35160.00,70580.00,79753.00,81435.00,121759.00,2.00,4.00,3.00,4.00,4.00,3.00,3.00,3.00,4.00,4.00
Tartous,Tartous,Tartous,251930.00,90170.00,90170.00,81745.00,174487.00,63234.43,174487.00,50386.00,100772.00,90170.00,104771.00,163954.00,174487.00,4.00,2.00,0.00,3.00,4.00,3.00,4.00,3.00,4.00,6.00
Aleppo,Menbij,Menbij,204048.00,54729.00,54729.00,67340.00,141324.00,47543.18,155465.00,40810.00,20405.00,73454.00,155465.00,105997.00,155465.00,4.00,6.00,5.00,4.00,5.00,3.00,2.00,2.00,5.00,0.00
Dar'a,Dar'a,Dar'a,174400.00,58650.00,58650.00,57853.00,120789.00,35926.40,120789.00,104640.00,69760.00,58650.00,77060.00,95176.00,120789.00,4.00,5.00,2.00,4.00,5.00,5.00,4.00,4.00,5.00,4.00
Rural Damascus,Duma,Duma,195900.00,40720.00,32720.00,65064.00,134295.00,43881.60,177225.00,78360.00,39180.00,177225.00,134037.00,109560.00,177225.00,2.00,6.00,2.00,4.00,4.00,4.00,3.00,3.00,5.00,5.00
Rural Damascus,Rural Damascus,Kisweh,204241.00,73135.00,73135.00,66735.00,138687.00,45749.98,138687.00,40848.00,122545.00,107011.00,97846.00,102076.00,138687.00,4.00,2.00,2.00,4.00,5.00,3.00,5.00,3.00,5.00,4.00
Aleppo,Jebel Saman,Atareb,145350.00,61175.00,61175.00,47417.00,100669.00,33866.55,100669.00,58140.00,29070.00,61175.00,61774.00,84797.00,100669.00,4.00,6.00,3.00,4.00,5.00,4.00,3.00,4.00,5.00,5.00
Rural Damascus,Rural Damascus,Kafr Batna,132040.00,52890.00,52890.00,42884.00,91451.00,29576.96,132040.00,52816.00,26408.00,132040.00,72622.00,77750.00,132040.00,5.00,6.00,3.00,4.00,5.00,4.00,3.00,2.00,5.00,5.00
Al-Hasakeh,Quamishli,Quamishli,251490.00,61826.00,61826.00,82460.00,174182.00,51806.94,174182.00,100596.00,50298.00,85749.00,120549.00,151692.00,174182.00,3.00,0.00,1.00,4.00,4.00,4.00,3.00,2.00,3.00,6.00
Rural Damascus,Duma,Harasta,207000.00,80570.00,80570.00,68641.00,143368.00,46368.00,143368.00,124200.00,41400.00,113700.00,101618.00,111368.00,143368.00,4.00,6.00,2.00,4.00,5.00,5.00,3.00,4.00,5.00,4.00
Idleb,Al Ma'ra,Ma'arrat An Nu'man,148230.00,37450.00,37450.00,48601.00,102664.00,30803.78,102664.00,29646.00,14823.00,37450.00,42690.00,88003.00,102664.00,3.00,3.00,3.00,3.00,4.00,3.00,2.00,2.00,4.00,5.00
Aleppo,Al Bab,Al Bab,60583.00,11139.00,11139.00,19989.00,41960.00,14115.84,41960.00,12117.00,6058.00,17465.00,26657.00,33978.00,41960.00,2.00,6.00,5.00,4.00,4.00,3.00,2.00,2.00,4.00,5.00
Aleppo,Afrin,Afrin,143915.00,55575.00,55575.00,46084.00,99676.00,33532.20,99676.00,57566.00,28783.00,66236.00,83608.00,63993.00,99676.00,4.00,3.00,2.00,4.00,4.00,4.00,3.00,4.00,5.00,6.00
Aleppo,A'zaz,Suran,19765.00,4640.00,4640.00,6422.00,13689.00,4605.25,13689.00,3953.00,1977.00,6517.00,9487.00,10267.00,13689.00,3.00,4.00,1.00,4.00,2.00,3.00,2.00,4.00,4.00,0.00
Hama,As-Salamiyeh,As-Salamiyeh,136670.00,53430.00,53430.00,44429.00,94658.00,35534.20,94658.00,27334.00,27334.00,54550.00,65417.00,73925.00,94658.00,4.00,1.00,0.00,3.00,4.00,3.00,3.00,4.00,5.00,6.00
Deir-ez-Zor,Abu Kamal,Hajin,81000.00,1600.00,1600.00,26444.00,56101.00,17597.25,56101.00,16200.00,8100.00,12052.00,48276.00,42077.00,56101.00,1.00,6.00,3.00,5.00,3.00,3.00,2.00,5.00,4.00,0.00
Dar'a,Izra',Izra',56370.00,23493.00,23493.00,18289.00,39042.00,11612.22,39042.00,22548.00,11274.00,23493.00,34395.00,28014.00,39042.00,5.00,4.00,3.00,4.00,5.00,4.00,3.00,4.00,5.00,6.00
As-Sweida,As-Sweida,As-Sweida,155120.00,26750.00,26750.00,50881.00,107436.00,33350.80,107436.00,15512.00,15512.00,26750.00,55843.00,96572.00,107436.00,2.00,2.00,1.00,3.00,4.00,2.00,2.00,3.00,4.00,5.00
Deir-ez-Zor,Al Mayadin,Al Mayadin,132400.00,47200.00,47200.00,43666.00,91700.00,27646.55,91700.00,26480.00,26480.00,57597.00,87384.00,52540.00,91700.00,4.00,6.00,3.00,5.00,5.00,3.00,3.00,5.00,5.00,5.00
Quneitra,Quneitra,Quneitra,11840.00,10200.00,10200.00,3959.00,8200.00,2758.72,11144.00,2368.00,2368.00,10334.00,11144.00,5833.00,11144.00,6.00,6.00,4.00,3.00,6.00,3.00,3.00,5.00,5.00,4.00
Dar'a,As-Sanamayn,As-Sanamayn,114542.00,34205.00,34205.00,37396.00,79332.00,23595.65,79332.00,45817.00,22908.00,35831.00,59118.00,58615.00,79332.00,3.00,4.00,2.00,4.00,5.00,4.00,3.00,4.00,5.00,4.00
Deir-ez-Zor,Abu Kamal,Abu Kamal,114350.00,17040.00,17040.00,36203.00,79199.00,24216.14,102915.00,22870.00,11435.00,29578.00,102915.00,59401.00,102915.00,2.00,6.00,3.00,5.00,3.00,3.00,2.00,5.00,4.00,0.00
Dar'a,Dar'a,Mzeireb,109600.00,38735.00,38735.00,36012.00,75909.00,22577.60,75909.00,21920.00,21920.00,38735.00,31565.00,58411.00,75909.00,4.00,4.00,1.00,4.00,5.00,3.00,3.00,4.00,4.00,4.00
Tartous,Tartous,Arwad,4400.00,60.00,60.00,1425.00,3047.00,1104.40,3047.00,440.00,880.00,60.00,1735.00,2514.00,3047.00,1.00,1.00,0.00,3.00,1.00,2.00,3.00,2.00,4.00,6.00
Idleb,Al Ma'ra,Kafr Nobol,89000.00,37980.00,37980.00,29196.00,61641.00,18121.43,61641.00,35600.00,8900.00,37980.00,25632.00,51171.00,61641.00,5.00,1.00,2.00,3.00,5.00,4.00,2.00,3.00,4.00,5.00
Deir-ez-Zor,Al Mayadin,Ashara,113400.00,8440.00,8440.00,37482.00,78541.00,23615.55,78541.00,11340.00,11340.00,22143.00,47174.00,58908.00,78541.00,1.00,6.00,2.00,5.00,2.00,2.00,2.00,5.00,4.00,0.00
Idleb,Harim,Salqin,101989.00,63799.00,63799.00,33766.00,70638.00,21797.40,70638.00,20398.00,20398.00,63799.00,41433.00,50088.00,70638.00,6.00,6.00,1.00,3.00,4.00,3.00,3.00,3.00,5.00,4.00
Idleb,Ariha,Ariha,90240.00,20540.00,20540.00,29842.00,62500.00,19076.25,63168.00,18048.00,9024.00,20540.00,63168.00,53246.00,63168.00,3.00,5.00,2.00,3.00,4.00,3.00,2.00,2.00,5.00,5.00
Rural Damascus,Duma,Ghizlaniyyeh,92500.00,50040.00,50040.00,31998.00,64066.00,20720.00,64066.00,37000.00,18500.00,50040.00,30833.00,44838.00,64066.00,6.00,4.00,0.00,4.00,4.00,4.00,3.00,4.00,5.00,5.00
Idleb,Idleb,Maaret Tamsrin,100006.00,49325.00,49325.00,32830.00,64277.00,20473.82,64277.00,20001.00,10001.00,56525.00,28802.00,55270.00,64277.00,5.00,4.00,2.00,3.00,5.00,3.00,2.00,3.00,4.00,5.00
Idleb,Idleb,Saraqab,83400.00,35590.00,35590.00,26816.00,57763.00,17340.04,57763.00,33360.00,8340.00,35590.00,23670.00,46282.00,57763.00,5.00,5.00,2.00,3.00,5.00,4.00,2.00,2.00,4.00,4.00
Homs,Ar-Rastan,Talbiseh,112300.00,29250.00,29250.00,36599.00,77779.00,29198.00,110989.00,44920.00,44920.00,110989.00,62888.00,70157.00,110989.00,3.00,6.00,2.00,3.00,5.00,4.00,4.00,5.00,5.00,5.00
Al-Hasakeh,Ras Al Ain,Ras Al Ain,69520.00,4820.00,4820.00,22912.00,48150.00,14321.12,48150.00,13904.00,27808.00,13274.00,33092.00,38823.00,48150.00,1.00,6.00,3.00,4.00,3.00,3.00,4.00,3.00,5.00,5.00
Ar-Raqqa,Ar-Raqqa,Maadan,22000.00,1770.00,1770.00,7215.00,15237.00,4532.00,21511.00,2200.00,2200.00,4409.00,21511.00,11428.00,21511.00,1.00,6.00,5.00,5.00,2.00,2.00,2.00,2.00,4.00,0.00
Hama,As-Suqaylabiyah,Madiq Castle,71410.00,8840.00,8840.00,23346.00,49459.00,18566.60,49459.00,14282.00,3571.00,8840.00,19995.00,36751.00,49459.00,2.00,2.00,3.00,3.00,4.00,3.00,1.00,3.00,3.00,6.00
Aleppo,Jebel Saman,Daret Azza,82520.00,36838.00,36838.00,27088.00,57153.00,19227.16,57153.00,33008.00,16504.00,36838.00,37629.00,47399.00,57153.00,5.00,4.00,2.00,4.00,5.00,4.00,3.00,2.00,5.00,5.00
Aleppo,Afrin,Sharan,23900.00,10490.00,10490.00,7781.00,16553.00,5568.70,16553.00,9560.00,4780.00,12071.00,7170.00,14795.00,16553.00,5.00,4.00,1.00,4.00,4.00,4.00,3.00,3.00,4.00,6.00
Ar-Raqqa,Ath-Thawrah,Al-Thawrah,74000.00,4200.00,4200.00,23802.00,51252.00,15577.00,67833.00,7400.00,7400.00,13338.00,67833.00,38441.00,67833.00,1.00,6.00,4.00,5.00,3.00,2.00,2.00,3.00,4.00,0.00
Al-Hasakeh,Al-Malikeyyeh,Al-Malikeyyeh,79470.00,5355.00,5355.00,25960.00,55041.00,16370.82,55041.00,15894.00,31788.00,15042.00,47682.00,43462.00,55041.00,1.00,2.00,1.00,4.00,2.00,3.00,4.00,2.00,5.00,5.00
Aleppo,Jebel Saman,Tall Ed-daman,52832.00,6623.00,6623.00,17147.00,36591.00,12309.86,36591.00,10566.00,10566.00,6623.00,29058.00,29757.00,36591.00,2.00,6.00,4.00,4.00,4.00,3.00,3.00,5.00,4.00,4.00
Deir-ez-Zor,Deir-ez-Zor,Kisreh,90990.00,12450.00,12450.00,30256.00,63020.00,19274.63,63020.00,18198.00,18198.00,22593.00,54594.00,47267.00,63020.00,2.00,6.00,3.00,5.00,3.00,3.00,3.00,5.00,4.00,0.00
Idleb,Jisr-Ash-Shugur,Badama,56545.00,51860.00,51860.00,18520.00,39163.00,11873.84,51860.00,22618.00,11309.00,51860.00,16285.00,31773.00,51860.00,6.00,6.00,1.00,3.00,6.00,4.00,3.00,3.00,5.00,4.00
Aleppo,Menbij,Al-Khafsa,94470.00,26060.00,26060.00,31179.00,65430.00,22011.51,65430.00,18894.00,9447.00,35007.00,52605.00,49074.00,65430.00,3.00,6.00,5.00,4.00,4.00,3.00,2.00,4.00,5.00,0.00
Idleb,Al Ma'ra,Khan Shaykun,19390.00,9580.00,9580.00,6294.00,13430.00,4005.21,13430.00,3878.00,3878.00,9580.00,8944.00,11992.00,13430.00,5.00,6.00,2.00,3.00,5.00,3.00,3.00,4.00,5.00,6.00
Homs,Ar-Rastan,Ar-Rastan,71890.00,15070.00,15070.00,23560.00,49791.00,18691.40,71890.00,28756.00,43134.00,71890.00,20704.00,36384.00,71890.00,3.00,6.00,3.00,3.00,4.00,4.00,5.00,5.00,3.00,4.00
Homs,Homs,Kherbet Tin Noor,72805.00,3490.00,3490.00,23847.00,50425.00,18929.30,50425.00,7281.00,7281.00,3490.00,20385.00,37820.00,50425.00,0.00,1.00,1.00,3.00,2.00,2.00,2.00,3.00,3.00,0.00
Idleb,Ariha,Ehsem,63000.00,12910.00,12910.00,20679.00,43634.00,13220.21,43634.00,12600.00,6300.00,12910.00,18144.00,37382.00,43634.00,3.00,4.00,2.00,3.00,4.00,3.00,2.00,3.00,3.00,5.00
Hama,Hama,Hamra,25835.00,6980.00,6980.00,8491.00,17893.00,6717.10,17893.00,10334.00,5167.00,7054.00,12020.00,12628.00,17893.00,3.00,4.00,3.00,3.00,4.00,4.00,3.00,2.00,5.00,4.00
Aleppo,Jebel Saman,Zarbah,46890.00,5470.00,5470.00,15738.00,32476.00,10925.37,32476.00,18756.00,9378.00,5470.00,16130.00,28655.00,32476.00,2.00,6.00,5.00,4.00,4.00,4.00,3.00,4.00,3.00,6.00
Tartous,Banyas,Banyas,82900.00,19170.00,19170.00,27388.00,57417.00,20807.90,57417.00,16580.00,16580.00,19170.00,32546.00,43064.00,57417.00,3.00,4.00,0.00,3.00,3.00,3.00,3.00,3.00,4.00,0.00
Deir-ez-Zor,Al Mayadin,Thiban,76900.00,15010.00,15010.00,25229.00,53261.00,16524.05,53261.00,7690.00,15380.00,22909.00,35682.00,39947.00,53261.00,2.00,6.00,2.00,5.00,3.00,2.00,3.00,5.00,4.00,0.00
Hama,Masyaf,Masyaf,73500.00,12720.00,12720.00,24103.00,50906.00,19110.00,50906.00,7350.00,14700.00,12720.00,30476.00,44423.00,50906.00,0.00,0.00,0.00,3.00,1.00,2.00,3.00,3.00,5.00,6.00
Rural Damascus,Rural Damascus,Arbin,51000.00,4570.00,4570.00,16761.00,35323.00,11424.00,51000.00,10200.00,5100.00,51000.00,17506.00,28449.00,51000.00,1.00,6.00,3.00,4.00,3.00,3.00,2.00,2.00,3.00,4.00
Rural Damascus,Az-Zabdani,Madaya,51100.00,1800.00,1800.00,16784.00,35392.00,11446.40,45700.00,20440.00,10220.00,45700.00,27546.00,22387.00,45700.00,1.00,6.00,3.00,4.00,4.00,4.00,3.00,2.00,5.00,6.00
Homs,Homs,Taldu,71100.00,4350.00,4350.00,23249.00,49244.00,18486.00,69597.00,28440.00,14220.00,69597.00,31995.00,38500.00,69597.00,1.00,6.00,2.00,3.00,4.00,4.00,3.00,3.00,4.00,4.00
Hama,Muhradah,Muhradah,48115.00,8585.00,8585.00,15315.00,33324.00,12509.90,33324.00,19246.00,9623.00,11083.00,23208.00,26272.00,33324.00,2.00,5.00,1.00,3.00,3.00,4.00,3.00,3.00,5.00,6.00
Rural Damascus,Darayya,Sahnaya,60000.00,37000.00,37000.00,20200.00,41556.00,13440.00,41556.00,12000.00,36000.00,37000.00,24679.00,32952.00,41556.00,6.00,6.00,1.00,4.00,4.00,3.00,5.00,3.00,5.00,6.00
Deir-ez-Zor,Abu Kamal,Susat,75400.00,1190.00,1190.00,24727.00,52222.00,15532.40,52222.00,15080.00,7540.00,10964.00,36795.00,39168.00,52222.00,1.00,6.00,5.00,5.00,2.00,3.00,2.00,5.00,4.00,0.00
Rural Damascus,Qatana,Sa'sa',62060.00,10310.00,10310.00,20602.00,42983.00,13901.44,46414.00,12412.00,12412.00,46414.00,33099.00,29552.00,46414.00,2.00,2.00,2.00,4.00,3.00,3.00,3.00,2.00,4.00,5.00
Homs,Tall Kalakh,Nasra,57700.00,40910.00,40910.00,18923.00,39963.00,15002.00,40910.00,11540.00,11540.00,40910.00,24129.00,29973.00,40910.00,6.00,6.00,0.00,3.00,3.00,3.00,3.00,2.00,5.00,0.00
Dar'a,Izra',Jasim,58000.00,24000.00,24000.00,18559.00,40171.00,11948.00,46787.00,23200.00,11600.00,24000.00,46787.00,33143.00,46787.00,5.00,3.00,1.00,4.00,4.00,4.00,3.00,4.00,5.00,6.00
Dar'a,Izra',Nawa ,57600.00,22810.00,22810.00,18782.00,39894.00,11865.60,39894.00,11520.00,11520.00,22810.00,17856.00,31107.00,39894.00,4.00,2.00,2.00,4.00,4.00,3.00,3.00,4.00,4.00,4.00
Rural Damascus,Az-Zabdani,Sarghaya,15500.00,900.00,900.00,5070.00,10735.00,3472.00,13900.00,1550.00,1550.00,13900.00,4805.00,8052.00,13900.00,1.00,5.00,2.00,4.00,2.00,2.00,2.00,3.00,3.00,0.00
Al-Hasakeh,Quamishli,Amuda,45260.00,14680.00,14680.00,14759.00,31347.00,9323.56,31347.00,18104.00,27156.00,18452.00,21590.00,27197.00,31347.00,4.00,2.00,2.00,4.00,4.00,4.00,5.00,2.00,4.00,6.00
Deir-ez-Zor,Deir-ez-Zor,Tabni,67750.00,10280.00,10280.00,21919.00,46924.00,14114.23,46924.00,13550.00,13550.00,17681.00,26558.00,35194.00,46924.00,2.00,6.00,4.00,5.00,3.00,3.00,3.00,5.00,4.00,0.00
Quneitra,Al Fiq,Fiq,2420.00,578.00,578.00,793.00,1676.00,563.86,1676.00,484.00,484.00,578.00,1300.00,1072.00,1676.00,3.00,2.00,4.00,3.00,2.00,3.00,3.00,4.00,4.00,4.00
Idleb,Al Ma'ra,Sanjar,60870.00,17500.00,17500.00,20002.00,42159.00,12672.20,43265.00,12174.00,6087.00,17500.00,43265.00,37677.00,43265.00,3.00,4.00,2.00,3.00,3.00,3.00,2.00,5.00,5.00,5.00
Rural Damascus,Al Qutayfah,Jirud,30400.00,2140.00,2140.00,9869.00,21055.00,6809.60,26700.00,6080.00,6080.00,26700.00,11400.00,13029.00,26700.00,1.00,5.00,1.00,4.00,2.00,3.00,3.00,3.00,4.00,6.00
Al-Hasakeh,Al-Hasakeh,Tal Tamer,50755.00,4690.00,4690.00,16560.00,35153.00,10455.53,35153.00,10151.00,20302.00,10720.00,18840.00,30668.00,35153.00,1.00,2.00,3.00,4.00,3.00,3.00,4.00,3.00,5.00,6.00
Homs,Al-Qusayr,Al Quasir,56890.00,14360.00,14360.00,18434.00,39402.00,14791.40,39402.00,5689.00,22756.00,14360.00,22009.00,24743.00,39402.00,3.00,0.00,2.00,3.00,3.00,2.00,4.00,4.00,5.00,6.00
Ar-Raqqa,Ar-Raqqa,Karama,37550.00,3455.00,3455.00,12313.00,26007.00,7752.40,30979.00,3755.00,7510.00,7893.00,30979.00,19506.00,30979.00,1.00,6.00,4.00,5.00,2.00,2.00,3.00,2.00,4.00,0.00
Idleb,Harim,Harim,35355.00,21680.00,21680.00,11977.00,24487.00,7223.27,24487.00,14142.00,7071.00,21680.00,20661.00,18442.00,24487.00,5.00,5.00,1.00,3.00,4.00,4.00,3.00,3.00,5.00,4.00
Rural Damascus,Qatana,Bait Jan,7460.00,0.00,0.00,2447.00,5167.00,1671.04,7460.00,746.00,1492.00,7460.00,6877.00,3875.00,7460.00,0.00,6.00,2.00,4.00,2.00,2.00,3.00,2.00,4.00,0.00
Tartous,Safita,Safita,59620.00,19055.00,19055.00,19414.00,41293.00,14964.62,41293.00,23848.00,5962.00,19055.00,21276.00,34069.00,41293.00,4.00,0.00,0.00,3.00,3.00,4.00,2.00,4.00,4.00,6.00
Quneitra,Quneitra,Khan Arnaba,44190.00,18025.00,18025.00,14431.00,30606.00,10296.27,33246.00,17676.00,17676.00,18332.00,33246.00,22416.00,33246.00,5.00,1.00,2.00,3.00,5.00,4.00,4.00,4.00,5.00,4.00
Lattakia,Jablah,Jablah,64670.00,26055.00,26055.00,20963.00,44790.00,16814.20,44790.00,12934.00,25868.00,26055.00,21876.00,26279.00,44790.00,5.00,5.00,0.00,4.00,3.00,3.00,4.00,2.00,4.00,5.00
Hama,Hama,Harbanifse,46520.00,1480.00,1480.00,15083.00,32220.00,12095.20,41432.00,18608.00,9304.00,9691.00,41432.00,30275.00,41432.00,1.00,3.00,1.00,3.00,4.00,4.00,3.00,4.00,4.00,6.00
Aleppo,Ain Al Arab,Ain al Arab,94387.00,425.00,425.00,28350.00,65372.00,21992.17,65372.00,9439.00,18877.00,12820.00,50216.00,57648.00,65372.00,1.00,6.00,2.00,4.00,4.00,2.00,3.00,1.00,4.00,5.00
Dar'a,Dar'a,Da'el,52000.00,19500.00,19500.00,17053.00,36015.00,10712.00,36015.00,10400.00,5200.00,19500.00,14976.00,26413.00,36015.00,4.00,5.00,1.00,4.00,4.00,3.00,2.00,3.00,4.00,5.00
Rural Damascus,Darayya,Markaz Darayya,43000.00,2520.00,2520.00,15349.00,29782.00,9632.00,43000.00,4300.00,4300.00,43000.00,20741.00,21614.00,43000.00,1.00,6.00,3.00,4.00,4.00,2.00,2.00,3.00,5.00,5.00
Aleppo,As-Safira,Banan,10990.00,3065.00,3065.00,3605.00,7612.00,2560.67,7612.00,2198.00,2198.00,3065.00,3209.00,6210.00,7612.00,3.00,6.00,5.00,4.00,3.00,3.00,3.00,5.00,4.00,6.00
Dar'a,Dar'a,Kherbet Ghazala,26700.00,13250.00,13250.00,8764.00,18492.00,5500.20,18492.00,10680.00,2670.00,13250.00,7690.00,13562.00,18492.00,5.00,3.00,2.00,4.00,5.00,4.00,2.00,4.00,4.00,6.00
Deir-ez-Zor,Deir-ez-Zor,Khasham,62300.00,850.00,850.00,19899.00,43149.00,13114.15,43149.00,6230.00,6230.00,8946.00,17942.00,32363.00,43149.00,1.00,6.00,2.00,5.00,3.00,2.00,2.00,5.00,3.00,0.00
Hama,Hama,Suran,26625.00,4340.00,4340.00,8659.00,18440.00,6922.50,23713.00,10650.00,5325.00,4708.00,23713.00,15468.00,23713.00,2.00,5.00,3.00,3.00,4.00,4.00,3.00,2.00,4.00,6.00
Aleppo,Menbij,Maskana,45370.00,10955.00,10955.00,14411.00,31423.00,10571.21,31423.00,9074.00,4537.00,15301.00,18148.00,23568.00,31423.00,3.00,6.00,4.00,4.00,4.00,3.00,2.00,4.00,4.00,0.00
Dar'a,Izra',Sheikh Miskine,14480.00,2220.00,2220.00,4693.00,10029.00,2982.88,10029.00,2896.00,1448.00,2220.00,9050.00,7631.00,10029.00,2.00,3.00,4.00,4.00,4.00,3.00,2.00,3.00,4.00,5.00
Idleb,Harim,Qourqeena,49200.00,22120.00,22120.00,16141.00,34076.00,10243.88,34076.00,9840.00,9840.00,22120.00,28395.00,26552.00,34076.00,4.00,5.00,1.00,3.00,3.00,3.00,3.00,3.00,5.00,6.00
Rural Damascus,Anbk,Anbk,49430.00,24110.00,24110.00,16234.00,34235.00,11072.32,34235.00,9886.00,19772.00,24127.00,14829.00,30469.00,34235.00,5.00,2.00,2.00,4.00,5.00,3.00,4.00,3.00,4.00,6.00
Idleb,Jisr-Ash-Shugur,Jisr-Ash-Shugur,49845.00,18380.00,18380.00,16282.00,34523.00,10758.83,34523.00,9969.00,9969.00,18380.00,27913.00,26842.00,34523.00,3.00,5.00,2.00,3.00,5.00,3.00,3.00,4.00,5.00,4.00
Idleb,Idleb,Abul Thohur,49350.00,21330.00,21330.00,16086.00,34180.00,10448.18,34180.00,19740.00,19740.00,21330.00,26834.00,26852.00,34180.00,5.00,6.00,3.00,3.00,5.00,4.00,4.00,5.00,5.00,4.00
Dar'a,Dar'a,Mseifra,39790.00,16840.00,16840.00,13074.00,27559.00,8196.74,27559.00,15916.00,7958.00,16840.00,11460.00,19522.00,27559.00,5.00,5.00,2.00,4.00,4.00,4.00,3.00,3.00,4.00,5.00
Aleppo,Afrin,Raju,61015.00,22360.00,22360.00,19788.00,42259.00,14216.50,42259.00,24406.00,12203.00,27060.00,18305.00,35242.00,42259.00,4.00,4.00,1.00,4.00,3.00,4.00,3.00,3.00,4.00,6.00
Al-Hasakeh,Al-Hasakeh,Shadadah,43750.00,6680.00,6680.00,14280.00,30301.00,9012.50,30301.00,8750.00,17500.00,11453.00,15559.00,29167.00,30301.00,2.00,6.00,4.00,4.00,4.00,3.00,4.00,4.00,3.00,6.00
As-Sweida,Salkhad,Gharyeh,4600.00,330.00,330.00,1511.00,3186.00,989.00,3186.00,460.00,460.00,330.00,1840.00,2337.00,3186.00,1.00,0.00,1.00,3.00,1.00,2.00,2.00,3.00,5.00,6.00
Deir-ez-Zor,Deir-ez-Zor,Basira,43570.00,3575.00,3575.00,14028.00,30177.00,9073.45,30177.00,4357.00,8714.00,8790.00,23964.00,22633.00,30177.00,1.00,6.00,2.00,5.00,2.00,2.00,3.00,5.00,4.00,0.00
Aleppo,Jarablus,Jarablus,27780.00,11450.00,11450.00,9220.00,19240.00,6472.74,19240.00,11112.00,5556.00,13399.00,10464.00,14431.00,19240.00,5.00,6.00,1.00,4.00,5.00,4.00,3.00,4.00,5.00,0.00
Dar'a,Izra',Hrak,46500.00,9790.00,9790.00,15295.00,32206.00,9579.00,32206.00,9300.00,9300.00,9790.00,13392.00,23667.00,32206.00,3.00,6.00,2.00,4.00,4.00,3.00,3.00,4.00,3.00,4.00
Idleb,Jisr-Ash-Shugur,Darkosh,49300.00,23495.00,23495.00,16110.00,34145.00,10605.26,34145.00,9860.00,9860.00,23495.00,27608.00,27467.00,34145.00,5.00,5.00,2.00,3.00,4.00,3.00,3.00,4.00,5.00,4.00
Aleppo,Afrin,Jandairis,47070.00,16710.00,16710.00,15244.00,32601.00,10967.31,32601.00,18828.00,9414.00,20417.00,14121.00,17625.00,32601.00,4.00,3.00,2.00,4.00,4.00,4.00,3.00,2.00,4.00,4.00
Ar-Raqqa,Ath-Thawrah,Mansura,51700.00,11992.00,11992.00,16955.00,35807.00,10650.20,35807.00,10340.00,10340.00,17306.00,28435.00,26857.00,35807.00,3.00,6.00,5.00,5.00,4.00,3.00,3.00,4.00,4.00,0.00
Aleppo,Al Bab,Dayr Hafir,10000.00,0.00,0.00,0.00,0.00,2330.00,4844.00,,,1320.00,4844.00,,4844.00,NA,6.00,6.00,4.00,2.00,NA,0.00,0.00,4.00,0.00
As-Sweida,Shahba,Shahba,34270.00,9500.00,9500.00,11263.00,23735.00,7368.05,23735.00,3427.00,1714.00,9500.00,12076.00,13599.00,23735.00,3.00,1.00,1.00,3.00,3.00,2.00,1.00,4.00,4.00,6.00
Rural Damascus,Anbk,Deir Attiyeh,45400.00,14650.00,14650.00,14845.00,31444.00,10169.60,31444.00,18160.00,9080.00,15138.00,13075.00,23584.00,31444.00,4.00,4.00,1.00,4.00,5.00,4.00,3.00,3.00,4.00,6.00
Rural Damascus,Al Qutayfah,Al Qutayfah,48300.00,4960.00,4960.00,15991.00,33453.00,10819.20,33453.00,4830.00,4830.00,4960.00,24522.00,25760.00,33453.00,2.00,4.00,1.00,4.00,2.00,2.00,2.00,3.00,5.00,6.00
Quneitra,Quneitra,Al-Khashniyyeh,37195.00,18683.00,18683.00,12137.00,25761.00,8666.44,25761.00,14878.00,7439.00,18683.00,23946.00,19838.00,25761.00,6.00,5.00,4.00,3.00,4.00,4.00,3.00,4.00,5.00,4.00
Lattakia,Jablah,Qteilbiyyeh,21250.00,1260.00,1260.00,6949.00,14718.00,5525.00,14718.00,2125.00,4250.00,1260.00,5950.00,11039.00,14718.00,1.00,5.00,0.00,4.00,1.00,2.00,3.00,3.00,3.00,0.00
Hama,Masyaf,Oj,48110.00,10400.00,10400.00,15778.00,33321.00,12508.60,33321.00,4811.00,28866.00,10400.00,31572.00,24992.00,33321.00,3.00,4.00,0.00,3.00,2.00,2.00,5.00,3.00,4.00,0.00
Dar'a,As-Sanamayn,Ghabagheb,44880.00,14300.00,14300.00,14634.00,31084.00,9245.28,31084.00,17952.00,8976.00,14489.00,17952.00,26333.00,31084.00,4.00,3.00,2.00,4.00,5.00,4.00,3.00,3.00,5.00,5.00
Aleppo,A'zaz,Nabul,40540.00,845.00,845.00,13205.00,28078.00,9445.82,28078.00,8108.00,4054.00,1059.00,24324.00,21059.00,28078.00,1.00,3.00,2.00,4.00,3.00,3.00,2.00,3.00,4.00,0.00
Rural Damascus,Az-Zabdani,Ein Elfijeh,40900.00,9520.00,9520.00,13420.00,28327.00,9161.60,40900.00,16360.00,16360.00,40900.00,14929.00,22274.00,40900.00,3.00,6.00,1.00,4.00,5.00,4.00,4.00,3.00,4.00,5.00
Idleb,Al Ma'ra,Heish,48790.00,25380.00,25380.00,16026.00,33792.00,10054.30,33792.00,19516.00,9758.00,25380.00,15125.00,28433.00,33792.00,6.00,4.00,3.00,3.00,5.00,4.00,3.00,1.00,5.00,6.00
Dar'a,Dar'a,Jizeh,32160.00,21335.00,21335.00,10666.00,22274.00,6624.96,22274.00,12864.00,6432.00,21335.00,9262.00,15314.00,22274.00,6.00,6.00,1.00,4.00,4.00,4.00,3.00,4.00,5.00,4.00
Al-Hasakeh,Ras Al Ain,Darbasiyah,40120.00,6350.00,6350.00,13069.00,27787.00,8264.72,27787.00,8024.00,16048.00,10693.00,20862.00,20598.00,27787.00,2.00,5.00,2.00,4.00,3.00,3.00,4.00,3.00,5.00,6.00
Aleppo,Menbij,Abu Qalqal,43170.00,9844.00,9844.00,14868.00,29900.00,10058.61,29900.00,8634.00,4317.00,14066.00,17491.00,22426.00,29900.00,3.00,6.00,4.00,4.00,4.00,3.00,2.00,3.00,4.00,0.00
Homs,Tall Kalakh,Hawash,40663.00,25225.00,25225.00,13112.00,28163.00,10572.38,28163.00,8133.00,16265.00,25225.00,17005.00,11618.00,28163.00,6.00,5.00,1.00,3.00,3.00,3.00,4.00,2.00,5.00,5.00
Dar'a,Dar'a,Busra Esh-Sham,37430.00,14690.00,14690.00,12270.00,25924.00,7710.58,25924.00,7486.00,3743.00,14690.00,10780.00,16863.00,25924.00,4.00,6.00,2.00,4.00,4.00,3.00,2.00,4.00,4.00,4.00
Homs,Al Makhrim,Al Makhrim,45450.00,2680.00,2680.00,14605.00,31479.00,11817.00,31479.00,4545.00,9090.00,2680.00,23435.00,17314.00,31479.00,1.00,1.00,1.00,3.00,1.00,2.00,3.00,4.00,5.00,6.00
Aleppo,Jebel Saman,Haritan,23630.00,5925.00,5925.00,7801.00,16366.00,5505.79,18067.00,9452.00,4726.00,5925.00,18067.00,12153.00,18067.00,3.00,5.00,2.00,4.00,5.00,4.00,3.00,3.00,5.00,4.00
Idleb,Al Ma'ra,Tamanaah,37360.00,12250.00,12250.00,12230.00,25876.00,7847.43,25876.00,7472.00,7472.00,12250.00,10760.00,22877.00,25876.00,4.00,3.00,3.00,3.00,5.00,3.00,3.00,3.00,4.00,6.00
Idleb,Idleb,Teftnaz,27700.00,12640.00,12640.00,9080.00,19185.00,5872.70,19185.00,11080.00,5540.00,12640.00,8864.00,15252.00,19185.00,5.00,6.00,1.00,3.00,4.00,4.00,3.00,3.00,4.00,5.00
Lattakia,Al-Qardaha,Jobet Berghal,4430.00,90.00,90.00,1442.00,3068.00,1151.80,3068.00,443.00,886.00,90.00,2561.00,2301.00,3068.00,1.00,1.00,0.00,4.00,1.00,2.00,3.00,3.00,4.00,0.00
Idleb,Jisr-Ash-Shugur,Janudiyeh,35810.00,23160.00,23160.00,11623.00,24802.00,7663.62,24802.00,14324.00,7162.00,23160.00,10313.00,20714.00,24802.00,6.00,6.00,2.00,3.00,4.00,4.00,3.00,4.00,5.00,6.00
Aleppo,As-Safira,As-Safira,25890.00,105.00,105.00,8369.00,17931.00,6032.37,17931.00,5178.00,2589.00,105.00,12382.00,13449.00,17931.00,1.00,6.00,2.00,4.00,2.00,3.00,2.00,4.00,4.00,0.00
Hama,As-Salamiyeh,As-Saan,9700.00,1280.00,1280.00,3176.00,6718.00,2522.00,6718.00,970.00,970.00,1390.00,2716.00,6646.00,6718.00,2.00,3.00,3.00,3.00,3.00,2.00,2.00,3.00,3.00,6.00
Idleb,Harim,Armanaz,39000.00,13130.00,13130.00,12984.00,27011.00,7645.20,27011.00,7800.00,3900.00,13130.00,19061.00,21658.00,27011.00,3.00,4.00,2.00,3.00,3.00,3.00,2.00,3.00,5.00,4.00
Tartous,Dreikish,Dreikish,41160.00,14200.00,14200.00,13290.00,28507.00,10331.16,28507.00,8232.00,16464.00,14200.00,10290.00,23520.00,28507.00,4.00,2.00,0.00,3.00,3.00,3.00,4.00,3.00,5.00,6.00
Dar'a,Dar'a,Ash-Shajara,34950.00,7310.00,7310.00,11345.00,24102.00,7199.70,24102.00,6990.00,6990.00,9935.00,19572.00,18172.00,24102.00,3.00,4.00,2.00,4.00,4.00,3.00,3.00,5.00,4.00,5.00
Tartous,Tartous,Soda Khawabi,37100.00,17310.00,17310.00,12212.00,25695.00,9312.10,25695.00,7420.00,7420.00,17310.00,18086.00,21200.00,25695.00,5.00,1.00,0.00,3.00,3.00,3.00,3.00,3.00,5.00,6.00
As-Sweida,Shahba,Shaqa,20695.00,3530.00,3530.00,6802.00,14333.00,4449.43,14333.00,2070.00,2070.00,3530.00,10115.00,10512.00,14333.00,2.00,4.00,1.00,3.00,4.00,2.00,2.00,4.00,5.00,6.00
Rural Damascus,Duma,Dhameer,36900.00,15820.00,15820.00,11939.00,25557.00,8265.60,35820.00,14760.00,14760.00,35820.00,20554.00,6970.00,35820.00,2.00,6.00,1.00,4.00,5.00,4.00,4.00,4.00,5.00,6.00
Homs,Homs,Raqama,21890.00,6340.00,6340.00,7179.00,15161.00,5691.40,15161.00,4378.00,4378.00,6340.00,10398.00,11371.00,15161.00,3.00,2.00,1.00,3.00,2.00,3.00,3.00,4.00,5.00,0.00
Rural Damascus,Yabroud,Yabroud,32090.00,15600.00,15600.00,10517.00,22226.00,7188.16,22226.00,12836.00,12836.00,15600.00,14975.00,1528.00,22226.00,5.00,4.00,2.00,4.00,4.00,4.00,4.00,3.00,5.00,6.00
Lattakia,Lattakia,Hanadi,13750.00,710.00,710.00,4502.00,9523.00,3575.00,9523.00,1375.00,1375.00,710.00,5964.00,7143.00,9523.00,1.00,6.00,0.00,4.00,1.00,2.00,2.00,3.00,4.00,0.00
Hama,Muhradah,Karnaz,7440.00,2280.00,2280.00,2446.00,5153.00,1934.40,5153.00,1488.00,1488.00,2280.00,2258.00,3865.00,5153.00,4.00,6.00,2.00,3.00,4.00,3.00,3.00,4.00,4.00,0.00
Deir-ez-Zor,Deir-ez-Zor,Sur,38450.00,2080.00,2080.00,12476.00,26630.00,8235.14,26630.00,3845.00,3845.00,6843.00,21046.00,19974.00,26630.00,1.00,6.00,3.00,5.00,2.00,2.00,2.00,5.00,4.00,0.00
Ar-Raqqa,Ath-Thawrah,Jurneyyeh,26540.00,6200.00,6200.00,8704.00,18382.00,5467.24,25759.00,5308.00,2654.00,8859.00,25759.00,13787.00,25759.00,3.00,6.00,5.00,5.00,3.00,3.00,2.00,4.00,4.00,0.00
Al-Hasakeh,Quamishli,Tal Hmis,28170.00,0.00,0.00,9213.00,19511.00,5803.02,19511.00,5634.00,11268.00,3718.00,15494.00,15203.00,19511.00,0.00,6.00,2.00,4.00,2.00,3.00,4.00,5.00,5.00,5.00
Rural Damascus,Az-Zabdani,Az-Zabdani,34190.00,14360.00,14360.00,11285.00,23680.00,7658.56,26007.00,13676.00,20514.00,26007.00,18463.00,17860.00,26007.00,5.00,3.00,2.00,4.00,6.00,4.00,5.00,3.00,5.00,5.00
Hama,Masyaf,Wadi El-oyoun,26700.00,8160.00,8160.00,8756.00,18492.00,6942.00,18492.00,2670.00,10680.00,8160.00,15019.00,3179.00,18492.00,4.00,5.00,0.00,3.00,2.00,2.00,4.00,3.00,5.00,6.00
Al-Hasakeh,Al-Hasakeh,Markada,35700.00,8335.00,8335.00,10210.00,24726.00,7354.20,24726.00,21420.00,7140.00,11797.00,10417.00,20400.00,24726.00,3.00,5.00,5.00,4.00,4.00,5.00,3.00,4.00,3.00,6.00
Hama,Masyaf,Jeb Ramleh,36500.00,50.00,50.00,11970.00,25280.00,9490.00,25280.00,3650.00,3650.00,50.00,20988.00,18961.00,25280.00,1.00,1.00,1.00,3.00,1.00,2.00,2.00,3.00,4.00,0.00
Aleppo,Al Bab,Tadaf,21001.00,1908.00,1908.00,6897.00,14545.00,4893.23,14545.00,4200.00,2100.00,4394.00,10591.00,10909.00,14545.00,1.00,6.00,5.00,4.00,3.00,3.00,2.00,4.00,4.00,0.00
Rural Damascus,Duma,Nashabiyeh,20190.00,6660.00,6660.00,6594.00,13984.00,4522.56,18410.00,8076.00,4038.00,18410.00,6070.00,11211.00,18410.00,4.00,5.00,4.00,4.00,5.00,4.00,3.00,5.00,4.00,5.00
Al-Hasakeh,Al-Malikeyyeh,Jawadiyah,29430.00,535.00,535.00,10052.00,20383.00,6062.58,20383.00,5886.00,11772.00,4340.00,11147.00,18958.00,20383.00,1.00,6.00,1.00,4.00,2.00,3.00,4.00,4.00,5.00,6.00
Idleb,Ariha,Mhambal,27370.00,6010.00,6010.00,8907.00,18956.00,5910.55,18956.00,5474.00,2737.00,6010.00,11323.00,15167.00,18956.00,3.00,2.00,3.00,3.00,3.00,3.00,2.00,4.00,5.00,6.00
Deir-ez-Zor,Deir-ez-Zor,Muhasan,29940.00,5720.00,5720.00,9816.00,20736.00,6168.81,20736.00,5988.00,2994.00,8814.00,19760.00,6843.00,20736.00,2.00,6.00,3.00,5.00,4.00,3.00,2.00,5.00,4.00,5.00
Hama,As-Suqaylabiyah,As-Suqaylabiyah,35450.00,2100.00,2100.00,11626.00,24553.00,9217.00,24553.00,7090.00,7090.00,2100.00,17725.00,18415.00,24553.00,1.00,6.00,0.00,3.00,2.00,3.00,3.00,2.00,4.00,0.00
Tartous,Sheikh Badr,Sheikh Badr,29590.00,10610.00,10610.00,9567.00,20494.00,7427.09,20494.00,5918.00,5918.00,10610.00,12409.00,16439.00,20494.00,4.00,2.00,1.00,3.00,3.00,3.00,3.00,3.00,5.00,6.00
Aleppo,Jebel Saman,Hadher,900.00,0.00,0.00,295.00,623.00,209.70,623.00,90.00,90.00,NA,361.00,543.00,623.00,0.00,6.00,3.00,4.00,3.00,2.00,2.00,5.00,4.00,6.00
Aleppo,Ain Al Arab,Sarin,23154.00,680.00,680.00,8095.00,16036.00,5394.88,16036.00,2315.00,4631.00,3634.00,11570.00,13690.00,16036.00,1.00,5.00,4.00,4.00,3.00,2.00,3.00,1.00,4.00,6.00
Idleb,Idleb,Bennsh,26500.00,2180.00,2180.00,8504.00,9489.00,5459.00,14980.00,2650.00,2650.00,14980.00,14840.00,7550.00,14980.00,1.00,6.00,2.00,3.00,3.00,2.00,2.00,3.00,4.00,6.00
Ar-Raqqa,Tell Abiad,Tell Abiad,29930.00,3075.00,3075.00,10148.00,20730.00,6466.46,20730.00,2993.00,11972.00,6565.00,20577.00,16343.00,20730.00,2.00,6.00,2.00,5.00,3.00,2.00,4.00,3.00,4.00,5.00
Homs,Homs,Ein Elniser,31560.00,3480.00,3480.00,10350.00,21858.00,8205.60,21858.00,3156.00,6312.00,7000.00,13019.00,16030.00,21858.00,2.00,2.00,1.00,3.00,3.00,2.00,3.00,4.00,4.00,6.00
Hama,As-Suqaylabiyah,Ziyara,13310.00,60.00,60.00,4368.00,9219.00,3460.60,9219.00,2662.00,1331.00,60.00,1464.00,7606.00,9219.00,1.00,0.00,4.00,3.00,4.00,3.00,2.00,3.00,2.00,6.00
Ar-Raqqa,Ar-Raqqa,Sabka,26635.00,1970.00,1970.00,8735.00,18447.00,5486.81,18447.00,2664.00,2664.00,5190.00,17091.00,13836.00,18447.00,1.00,6.00,4.00,5.00,2.00,2.00,2.00,4.00,4.00,0.00
Aleppo,Al Bab,A'rima,29390.00,6638.00,6638.00,9662.00,20356.00,6847.87,20356.00,5878.00,5878.00,9522.00,13047.00,15267.00,20356.00,3.00,6.00,6.00,4.00,3.00,3.00,3.00,4.00,4.00,0.00
Ar-Raqqa,Tell Abiad,Ein Issa,17732.00,1430.00,1430.00,5850.00,12281.00,3839.93,17732.00,1773.00,3546.00,3556.00,17732.00,9211.00,17732.00,1.00,6.00,4.00,5.00,3.00,2.00,3.00,5.00,4.00,0.00
Homs,Homs,Qabu,39100.00,2250.00,2250.00,12747.00,27081.00,10166.00,27081.00,3910.00,3910.00,2250.00,10948.00,16757.00,27081.00,1.00,4.00,1.00,3.00,2.00,2.00,2.00,3.00,3.00,6.00
Aleppo,A'zaz,Aghtrin,27910.00,12960.00,12960.00,9153.00,19330.00,6503.03,19330.00,NA,11164.00,14700.00,8373.00,14498.00,19330.00,5.00,6.00,3.00,4.00,5.00,NA,4.00,3.00,4.00,0.00
Deir-ez-Zor,Abu Kamal,Jalaa,28800.00,2160.00,2160.00,9378.00,19947.00,5967.90,19947.00,2880.00,2880.00,5638.00,15006.00,14961.00,19947.00,1.00,6.00,3.00,5.00,2.00,2.00,2.00,5.00,4.00,0.00
Homs,Tall Kalakh,Tall Kalakh,27830.00,2160.00,2160.00,9127.00,19275.00,7235.80,19275.00,2783.00,2783.00,2160.00,7862.00,14457.00,19275.00,1.00,5.00,1.00,3.00,2.00,2.00,2.00,3.00,3.00,0.00
Idleb,Idleb,Sarmin,9500.00,4500.00,4500.00,3107.00,6580.00,1914.25,6580.00,1900.00,950.00,4500.00,2736.00,5967.00,6580.00,5.00,6.00,2.00,3.00,4.00,3.00,2.00,3.00,4.00,6.00
Aleppo,Ain Al Arab,Lower Shyookh,35180.00,0.00,0.00,11292.00,8782.00,8196.94,13593.00,3518.00,3518.00,4644.00,13593.00,5852.00,13593.00,0.00,6.00,4.00,4.00,3.00,2.00,2.00,1.00,4.00,5.00
Aleppo,Al Bab,Rasm Haram El-Imam,7245.00,735.00,735.00,2403.00,5018.00,1688.09,5018.00,1449.00,725.00,1581.00,3105.00,3764.00,5018.00,2.00,6.00,5.00,4.00,2.00,3.00,2.00,3.00,4.00,0.00
Tartous,Banyas,Hamam Wasil,7160.00,930.00,930.00,2348.00,4959.00,1797.16,4959.00,716.00,1432.00,930.00,1790.00,2955.00,4959.00,2.00,1.00,0.00,3.00,1.00,2.00,3.00,3.00,4.00,6.00
Idleb,Harim,Kafr Takharim,20250.00,16580.00,16580.00,6691.00,14025.00,3944.48,16580.00,8100.00,8100.00,16580.00,11340.00,12343.00,16580.00,4.00,4.00,3.00,3.00,4.00,4.00,4.00,3.00,5.00,5.00
Homs,Al Makhrim,Jeb Ej-Jarrah,21685.00,1520.00,1520.00,6820.00,15019.00,5638.10,15019.00,2169.00,2169.00,2155.00,8599.00,11265.00,15019.00,1.00,6.00,1.00,3.00,3.00,2.00,2.00,4.00,4.00,0.00
Tartous,Dreikish,Jneinet Raslan,7616.00,510.00,510.00,2494.00,5275.00,1911.62,5275.00,762.00,1523.00,510.00,3332.00,3868.00,5275.00,1.00,2.00,0.00,3.00,1.00,2.00,3.00,3.00,4.00,6.00
Rural Damascus,Duma,Haran Al'awameed,20760.00,3410.00,3410.00,7727.00,14378.00,4650.24,14378.00,2076.00,2076.00,3410.00,6241.00,10784.00,14378.00,2.00,4.00,1.00,4.00,2.00,2.00,2.00,4.00,3.00,0.00
Al-Hasakeh,Quamishli,Qahtaniyyeh,26290.00,1675.00,1675.00,8590.00,18208.00,5415.74,18208.00,5258.00,5258.00,4894.00,14460.00,15261.00,18208.00,1.00,5.00,1.00,4.00,2.00,3.00,3.00,3.00,4.00,6.00
Hama,Masyaf,Ein Halaqim,24400.00,5450.00,5450.00,8002.00,16899.00,6344.00,16899.00,2440.00,2440.00,5450.00,13725.00,12675.00,16899.00,3.00,4.00,0.00,3.00,2.00,2.00,2.00,3.00,4.00,0.00
Aleppo,Afrin,Bulbul,21060.00,9250.00,9250.00,6876.00,14586.00,4906.98,14586.00,8424.00,4212.00,10642.00,6318.00,6686.00,14586.00,5.00,3.00,3.00,4.00,3.00,4.00,3.00,3.00,4.00,6.00
Homs,Homs,Hasyaa,20740.00,5380.00,5380.00,6802.00,14365.00,5392.40,14365.00,4148.00,8296.00,5380.00,13935.00,10774.00,14365.00,3.00,6.00,2.00,3.00,2.00,3.00,4.00,4.00,5.00,0.00
As-Sweida,As-Sweida,Mazra'a,17110.00,3450.00,3450.00,5611.00,11850.00,3678.65,11850.00,1711.00,1711.00,3450.00,8555.00,10320.00,11850.00,3.00,3.00,1.00,3.00,3.00,2.00,2.00,4.00,5.00,6.00
Al-Hasakeh,Al-Malikeyyeh,Ya'robiyah,23120.00,885.00,885.00,7545.00,16013.00,4762.72,16013.00,4624.00,4624.00,3804.00,11432.00,15046.00,16013.00,1.00,5.00,3.00,4.00,2.00,3.00,3.00,3.00,4.00,6.00
Aleppo,A'zaz,Mare',14139.00,1175.00,1175.00,4519.00,9793.00,3294.39,9793.00,1414.00,2828.00,2865.00,4242.00,8584.00,9793.00,1.00,6.00,2.00,4.00,4.00,2.00,3.00,3.00,3.00,6.00
Aleppo,Afrin,Ma'btali,21436.00,7740.00,7740.00,6973.00,14847.00,4994.59,14847.00,8574.00,2144.00,9409.00,9546.00,13357.00,14847.00,4.00,3.00,0.00,4.00,3.00,4.00,2.00,3.00,5.00,6.00
Hama,Muhradah,Kafr Zeita,18820.00,1580.00,1580.00,6187.00,13035.00,4893.20,13035.00,3764.00,1882.00,2193.00,5270.00,9548.00,13035.00,1.00,4.00,2.00,3.00,4.00,3.00,2.00,2.00,3.00,5.00
Aleppo,As-Safira,Hajeb,7110.00,1705.00,1705.00,2308.00,4924.00,1656.63,4924.00,1422.00,356.00,1705.00,2076.00,3611.00,4924.00,3.00,6.00,5.00,4.00,3.00,3.00,1.00,5.00,3.00,6.00
Al-Hasakeh,Al-Hasakeh,Areesheh,19810.00,680.00,680.00,6464.00,13720.00,4080.86,13720.00,3962.00,3962.00,3193.00,9603.00,11949.00,13720.00,1.00,6.00,4.00,4.00,3.00,3.00,3.00,4.00,3.00,6.00
Homs,Homs,Mahin,0.00,0.00,0.00,0.00,0.00,0.00,0.00,NA,NA,NA,0.00,NA,0.00,NA,4.00,6.00,3.00,3.00,NA,0.00,3.00,4.00,0.00
Homs,Homs,Sadad,5600.00,20.00,20.00,1837.00,3879.00,1456.00,3879.00,560.00,560.00,20.00,2688.00,2909.00,3879.00,1.00,4.00,1.00,3.00,2.00,2.00,2.00,3.00,4.00,0.00
Al-Hasakeh,Al-Hasakeh,Hole,14059.00,2975.00,2975.00,4102.00,9737.00,2896.15,9737.00,5624.00,2812.00,4385.00,4049.00,8034.00,9737.00,3.00,5.00,3.00,4.00,4.00,4.00,3.00,4.00,3.00,6.00
Lattakia,Lattakia,Ein El-Bayda,9320.00,1310.00,1310.00,3085.00,6455.00,2423.20,6455.00,932.00,932.00,1310.00,3146.00,4734.00,6455.00,2.00,6.00,0.00,4.00,2.00,2.00,2.00,3.00,3.00,6.00
As-Sweida,Salkhad,Salkhad,24180.00,2680.00,2680.00,7923.00,16747.00,5198.70,16747.00,2418.00,2418.00,2680.00,9672.00,7676.00,16747.00,2.00,1.00,1.00,3.00,2.00,2.00,2.00,3.00,5.00,6.00
Hama,As-Suqaylabiyah,Tell Salhib,16960.00,30.00,30.00,5562.00,11746.00,4409.60,11746.00,848.00,1696.00,30.00,9559.00,8810.00,11746.00,1.00,5.00,1.00,3.00,2.00,1.00,2.00,3.00,4.00,0.00
Rural Damascus,Darayya,Hajar Aswad,4500.00,320.00,320.00,1483.00,3117.00,1008.00,4500.00,900.00,900.00,4500.00,3150.00,1857.00,4500.00,1.00,6.00,5.00,4.00,3.00,3.00,3.00,3.00,4.00,6.00
Rural Damascus,Al Qutayfah,Ma'loula,10800.00,190.00,190.00,3532.00,7480.00,2419.20,7480.00,1080.00,540.00,190.00,3544.00,5610.00,7480.00,1.00,6.00,1.00,4.00,1.00,2.00,1.00,3.00,4.00,0.00
Lattakia,Al-Qardaha,Fakhura,14180.00,510.00,510.00,4636.00,9821.00,3686.80,9821.00,1418.00,1418.00,510.00,5672.00,7366.00,9821.00,1.00,1.00,0.00,4.00,1.00,2.00,2.00,3.00,4.00,0.00
Tartous,Tartous,Hameidiyyeh,20190.00,8360.00,8360.00,6635.00,13984.00,5067.69,13984.00,8076.00,4038.00,8360.00,8443.00,12178.00,13984.00,5.00,5.00,0.00,3.00,4.00,4.00,3.00,4.00,5.00,6.00
Tartous,Banyas,Qadmous,20220.00,3850.00,3850.00,6631.00,14004.00,5075.22,14004.00,4044.00,4044.00,3850.00,7077.00,11389.00,14004.00,2.00,0.00,1.00,3.00,1.00,3.00,3.00,3.00,3.00,5.00
Aleppo,Jarablus,Ghandorah,27403.00,14393.00,14393.00,8987.00,18979.00,6384.90,18979.00,10961.00,5481.00,15851.00,7892.00,14235.00,18979.00,6.00,6.00,4.00,4.00,4.00,4.00,3.00,3.00,5.00,0.00
Aleppo,A'zaz,Tall Refaat,13630.00,1258.00,1258.00,4440.00,9440.00,3175.79,9440.00,5452.00,2726.00,2649.00,4034.00,7080.00,9440.00,2.00,6.00,1.00,4.00,3.00,4.00,3.00,3.00,3.00,0.00
Aleppo,Al Bab,Ar-Ra'ee,20031.00,6615.00,6615.00,6606.00,13873.00,4667.22,13873.00,8012.00,4006.00,8267.00,6453.00,10405.00,13873.00,4.00,6.00,5.00,4.00,4.00,4.00,3.00,3.00,4.00,0.00
Ar-Raqqa,Tell Abiad,Suluk,34520.00,3535.00,3535.00,10538.00,10057.00,7244.41,19331.00,3452.00,6904.00,7561.00,19331.00,5828.00,19331.00,2.00,6.00,4.00,5.00,3.00,2.00,3.00,3.00,4.00,6.00
Tartous,Safita,Mashta Elhiu,16710.00,9430.00,9430.00,5473.00,11573.00,4194.21,11573.00,3342.00,3342.00,9430.00,8616.00,9549.00,11573.00,6.00,0.00,0.00,3.00,3.00,3.00,3.00,2.00,5.00,6.00
Homs,Homs,Farqalas,16330.00,4930.00,4930.00,5342.00,11310.00,4245.80,11310.00,3266.00,1633.00,5003.00,7757.00,8483.00,11310.00,4.00,5.00,1.00,3.00,3.00,3.00,2.00,5.00,5.00,0.00
Rural Damascus,Rural Damascus,Maliha,0.00,0.00,0.00,0.00,0.00,0.00,0.00,,NA,NA,0.00,NA,0.00,NA,6.00,6.00,4.00,3.00,4.00,3.00,0.00,4.00,6.00
Tartous,Safita,Ras El-Khashufeh,16380.00,1470.00,1470.00,5337.00,11345.00,4111.38,11345.00,1638.00,819.00,1470.00,8446.00,9360.00,11345.00,1.00,5.00,0.00,3.00,1.00,2.00,1.00,4.00,4.00,6.00
Hama,As-Suqaylabiyah,Shat-ha,15040.00,0.00,0.00,4932.00,10417.00,3910.40,12408.00,1504.00,1504.00,NA,12408.00,7813.00,12408.00,0.00,6.00,0.00,3.00,2.00,2.00,2.00,4.00,4.00,0.00
Rural Damascus,Yabroud,Esal El-Ward,4550.00,390.00,390.00,1532.00,3151.00,1019.20,3151.00,455.00,910.00,932.00,1536.00,2364.00,3151.00,1.00,6.00,1.00,4.00,2.00,2.00,3.00,3.00,2.00,0.00
Rural Damascus,Az-Zabdani,Dimas,17710.00,4110.00,4110.00,5808.00,12266.00,3967.04,12266.00,1771.00,7084.00,4110.00,9132.00,9200.00,12266.00,3.00,6.00,2.00,4.00,2.00,2.00,4.00,3.00,4.00,0.00
As-Sweida,Salkhad,Thibeen,7500.00,580.00,580.00,2472.00,5195.00,1612.50,5195.00,750.00,750.00,580.00,3563.00,4286.00,5195.00,1.00,3.00,1.00,3.00,1.00,2.00,2.00,3.00,5.00,6.00
Tartous,Safita,Sisniyyeh,17370.00,2300.00,2300.00,5692.00,12030.00,4359.87,12030.00,1737.00,3474.00,2300.00,6731.00,10477.00,12030.00,2.00,4.00,1.00,3.00,1.00,2.00,3.00,2.00,4.00,6.00
Tartous,Tartous,Kareemeh,11560.00,1040.00,1040.00,3793.00,8006.00,2901.56,8006.00,2312.00,2312.00,1040.00,4624.00,6973.00,8006.00,1.00,5.00,0.00,3.00,1.00,3.00,3.00,3.00,4.00,6.00
Hama,As-Salamiyeh,Eastern Bari,3970.00,470.00,470.00,1310.00,2750.00,1032.20,3036.00,794.00,397.00,660.00,1861.00,3036.00,3036.00,2.00,6.00,1.00,3.00,3.00,3.00,2.00,4.00,4.00,6.00
Tartous,Tartous,Kherbet Elma'aza,16770.00,2160.00,2160.00,5506.00,11615.00,4209.27,11615.00,1677.00,1677.00,2160.00,8720.00,8518.00,11615.00,2.00,1.00,0.00,3.00,1.00,2.00,2.00,3.00,4.00,6.00
Tartous,Tartous,Safsafa,17160.00,1540.00,1540.00,5635.00,11885.00,4307.16,11885.00,858.00,3432.00,1540.00,8151.00,10350.00,11885.00,1.00,4.00,0.00,3.00,1.00,1.00,3.00,3.00,4.00,6.00
Dar'a,As-Sanamayn,Masmiyyeh,12120.00,1600.00,1600.00,3970.00,8394.00,2496.72,11249.00,2424.00,1212.00,1600.00,11249.00,6879.00,11249.00,2.00,2.00,1.00,4.00,3.00,3.00,2.00,5.00,4.00,6.00
Hama,As-Salamiyeh,Saboura,4010.00,1340.00,1340.00,1293.00,2777.00,1042.60,2777.00,802.00,401.00,1352.00,1003.00,2404.00,2777.00,4.00,6.00,0.00,3.00,4.00,3.00,2.00,5.00,5.00,6.00
Lattakia,Al-Haffa,Kansaba,600.00,0.00,0.00,197.00,416.00,156.00,416.00,60.00,60.00,NA,168.00,312.00,416.00,0.00,6.00,3.00,4.00,3.00,2.00,2.00,4.00,3.00,0.00
Lattakia,Jablah,Dalyeh,9570.00,360.00,360.00,3134.00,6628.00,2488.20,6628.00,957.00,1914.00,360.00,3350.00,4971.00,6628.00,1.00,4.00,0.00,4.00,1.00,2.00,3.00,3.00,3.00,0.00
Aleppo,Al Bab,Eastern Kwaires ,0.00,0.00,0.00,0.00,0.00,0.00,0.00,0.00,0.00,NA,0.00,NA,0.00,NA,6.00,6.00,4.00,3.00,2.00,2.00,0.00,4.00,6.00
Tartous,Banyas,Anaza,15300.00,2000.00,2000.00,5028.00,10597.00,3840.30,10597.00,1530.00,1530.00,2000.00,4303.00,8500.00,10597.00,2.00,3.00,0.00,3.00,2.00,2.00,2.00,4.00,4.00,6.00
Aleppo,As-Safira,Khanaser,540.00,0.00,0.00,177.00,374.00,125.82,374.00,54.00,54.00,,183.00,281.00,374.00,0.00,6.00,5.00,4.00,2.00,2.00,2.00,5.00,3.00,0.00
Homs,Tall Kalakh,Hadideh,41567.00,0.00,0.00,0.00,28789.00,10807.42,28789.00,,2078.00,,17146.00,21593.00,28789.00,0.00,3.00,0.00,3.00,0.00,NA,1.00,3.00,4.00,0.00
Tartous,Sheikh Badr,Qumseyyeh,13460.00,3190.00,3190.00,4404.00,9322.00,3378.46,9322.00,1346.00,1346.00,3190.00,3575.00,2564.00,9322.00,3.00,0.00,0.00,3.00,2.00,2.00,2.00,3.00,4.00,6.00
Rural Damascus,At Tall,Rankus,9870.00,60.00,60.00,2921.00,6836.00,2210.88,8019.00,1974.00,987.00,60.00,8019.00,5640.00,8019.00,1.00,5.00,1.00,4.00,3.00,3.00,2.00,3.00,4.00,6.00
Tartous,Dreikish,Dweir Raslan,11060.00,2240.00,2240.00,3624.00,7660.00,2776.06,10023.00,2212.00,2212.00,2240.00,10023.00,5618.00,10023.00,3.00,0.00,1.00,3.00,2.00,3.00,3.00,3.00,4.00,6.00
Homs,Tadmor,Sokhneh,13870.00,860.00,860.00,4478.00,9606.00,3606.20,9606.00,1387.00,1387.00,2562.00,9479.00,7205.00,9606.00,1.00,6.00,4.00,3.00,3.00,2.00,2.00,4.00,4.00,0.00
Aleppo,Afrin,Sheikh El-Hadid,12830.00,5080.00,5080.00,4177.00,8886.00,2989.39,8886.00,5132.00,2566.00,6012.00,3849.00,1222.00,8886.00,4.00,4.00,2.00,4.00,2.00,4.00,3.00,3.00,4.00,6.00
Homs,Homs,Qaryatein,800.00,0.00,0.00,0.00,554.00,208.00,554.00,,,,509.00,416.00,554.00,0.00,6.00,4.00,3.00,3.00,NA,0.00,0.00,4.00,0.00
Lattakia,Al-Haffa,Al-Haffa,10120.00,830.00,830.00,3314.00,7009.00,2631.20,7009.00,2024.00,2024.00,830.00,5397.00,5257.00,7009.00,1.00,5.00,1.00,4.00,3.00,3.00,3.00,4.00,4.00,0.00
As-Sweida,As-Sweida,Mashnaf,12610.00,90.00,90.00,4143.00,8734.00,2711.15,8734.00,1261.00,1261.00,90.00,6936.00,4003.00,8734.00,1.00,1.00,1.00,3.00,2.00,2.00,2.00,3.00,4.00,6.00
Homs,Tadmor,Tadmor,3180.00,70.00,70.00,1049.00,2202.00,826.80,2798.00,318.00,318.00,193.00,2798.00,1491.00,2798.00,1.00,6.00,4.00,3.00,4.00,2.00,2.00,5.00,4.00,3.00
Lattakia,Jablah,Ein Elsharqiyeh,11240.00,640.00,640.00,3677.00,7785.00,2922.40,7785.00,1124.00,1124.00,640.00,3147.00,5839.00,7785.00,1.00,4.00,0.00,4.00,1.00,2.00,2.00,3.00,3.00,0.00
As-Sweida,Salkhad,Milh,11880.00,360.00,360.00,3905.00,8228.00,2554.20,8228.00,1188.00,1188.00,360.00,5643.00,6034.00,8228.00,1.00,2.00,1.00,3.00,3.00,2.00,2.00,4.00,5.00,6.00
Tartous,Banyas,Rawda,10290.00,1020.00,1020.00,3375.00,7127.00,2582.79,7127.00,1029.00,2058.00,1020.00,3859.00,5227.00,7127.00,1.00,1.00,0.00,3.00,1.00,2.00,3.00,3.00,4.00,6.00
Lattakia,Lattakia,Qastal Maaf,9210.00,1240.00,1240.00,3020.00,6379.00,2394.60,6379.00,1842.00,921.00,1240.00,4622.00,4784.00,6379.00,2.00,6.00,1.00,4.00,3.00,3.00,2.00,4.00,4.00,0.00
Tartous,Safita,Sibbeh,6000.00,520.00,520.00,1963.00,4156.00,1506.00,4156.00,600.00,600.00,520.00,3750.00,3429.00,4156.00,1.00,0.00,0.00,3.00,1.00,2.00,2.00,5.00,4.00,6.00
As-Sweida,Shahba,Little Sura,11250.00,360.00,360.00,3697.00,7792.00,2418.75,7792.00,1125.00,1125.00,360.00,6187.00,6786.00,7792.00,1.00,2.00,2.00,3.00,3.00,2.00,2.00,4.00,5.00,6.00
As-Sweida,Salkhad,Qarayya,10945.00,2110.00,2110.00,3656.00,7581.00,2353.18,7581.00,2189.00,547.00,2110.00,3502.00,5837.00,7581.00,2.00,0.00,1.00,3.00,3.00,3.00,1.00,3.00,3.00,6.00
Rural Damascus,At Tall,Sidnaya,10050.00,790.00,790.00,3278.00,6961.00,2251.20,6961.00,1005.00,1005.00,790.00,5360.00,5743.00,6961.00,1.00,6.00,0.00,4.00,1.00,2.00,2.00,3.00,4.00,6.00
Homs,Homs,Shin,28101.00,0.00,0.00,0.00,19463.00,7306.26,19463.00,1405.00,2810.00,,14267.00,12043.00,19463.00,0.00,3.00,0.00,3.00,1.00,1.00,2.00,3.00,4.00,6.00
Rural Damascus,Duma,Sabe Byar,78850.00,78800.00,78800.00,24719.00,589.00,17662.40,78800.00,31540.00,15770.00,78800.00,26651.00,442.00,78800.00,1.00,6.00,4.00,4.00,4.00,4.00,3.00,5.00,5.00,0.00
Lattakia,Al-Haffa,Salanfa,3950.00,160.00,160.00,1290.00,2736.00,1027.00,2736.00,790.00,790.00,160.00,1106.00,2052.00,2736.00,1.00,6.00,1.00,4.00,4.00,3.00,3.00,2.00,3.00,0.00
Lattakia,Jablah,Ein Shaqaq,9700.00,520.00,520.00,3176.00,6718.00,2522.00,6718.00,970.00,970.00,520.00,3031.00,5039.00,6718.00,1.00,5.00,0.00,4.00,1.00,2.00,2.00,2.00,3.00,0.00
Lattakia,Jablah,Beit Yashout,8720.00,360.00,360.00,2821.00,6039.00,2267.20,6039.00,872.00,1744.00,360.00,2442.00,4530.00,6039.00,1.00,0.00,0.00,4.00,1.00,2.00,3.00,3.00,3.00,0.00
Lattakia,Lattakia,Rabee'a,1300.00,0.00,0.00,378.00,900.00,338.00,900.00,,,,395.00,675.00,900.00,1.00,5.00,6.00,4.00,3.00,NA,0.00,4.00,3.00,0.00
Al-Hasakeh,Al-Hasakeh,Be'r Al-Hulo Al-Wardeyyeh,2990.00,200.00,200.00,979.00,2071.00,615.94,2990.00,598.00,1196.00,565.00,2990.00,664.00,2990.00,1.00,6.00,2.00,4.00,3.00,3.00,4.00,4.00,4.00,6.00
Tartous,Dreikish,Hamin,6690.00,440.00,440.00,2194.00,4633.00,1679.19,4633.00,669.00,NA,440.00,1045.00,3398.00,4633.00,1.00,3.00,0.00,3.00,1.00,2.00,0.00,3.00,2.00,6.00
Tartous,Banyas,Taleen,6160.00,1160.00,1160.00,2014.00,4266.00,1546.16,4716.00,616.00,1232.00,1160.00,4716.00,3129.00,4716.00,2.00,0.00,0.00,3.00,1.00,2.00,3.00,3.00,4.00,6.00
Lattakia,Al-Haffa,Mzair'a,6690.00,170.00,170.00,2188.00,4633.00,1739.40,4633.00,669.00,669.00,170.00,1873.00,3475.00,4633.00,1.00,6.00,0.00,4.00,1.00,2.00,2.00,3.00,3.00,0.00
Tartous,Safita,Bariqiyeh,6100.00,730.00,730.00,1996.00,4225.00,1531.10,4575.00,610.00,1220.00,730.00,4575.00,3486.00,4575.00,2.00,0.00,0.00,3.00,2.00,2.00,3.00,3.00,4.00,6.00
Lattakia,Al-Qardaha,Harf Elmseitra,4950.00,400.00,400.00,1619.00,3428.00,1287.00,3428.00,495.00,990.00,400.00,2784.00,2571.00,3428.00,1.00,3.00,0.00,4.00,1.00,2.00,3.00,3.00,4.00,0.00
Tartous,Banyas,Tawahin,5980.00,1030.00,1030.00,1955.00,4142.00,1500.98,4142.00,1196.00,2392.00,1030.00,1682.00,3322.00,4142.00,2.00,4.00,0.00,3.00,1.00,3.00,4.00,3.00,4.00,6.00
Lattakia,Lattakia,Bahlawaniyeh,4860.00,120.00,120.00,1594.00,3366.00,1263.60,3366.00,486.00,972.00,120.00,1361.00,2525.00,3366.00,1.00,6.00,0.00,4.00,1.00,2.00,3.00,3.00,3.00,0.00
Lattakia,Al-Haffa,Ein Et-teeneh,3800.00,120.00,120.00,1246.00,2632.00,988.00,2632.00,380.00,380.00,120.00,1283.00,1974.00,2632.00,1.00,5.00,0.00,4.00,1.00,2.00,2.00,3.00,3.00,0.00
Lattakia,Lattakia,Kasab,830.00,380.00,380.00,267.00,575.00,215.80,575.00,332.00,166.00,380.00,239.00,431.00,575.00,5.00,6.00,0.00,4.00,4.00,4.00,3.00,2.00,4.00,0.00
